{
  "version": "v7",
  "effective_date": "2026-01-15",
  "effective_timestamp_ms": 1768510800000,
  "shiller_10yr_real_earnings": 170.80,
  "shiller_window": { "start": "2015-10", "end": "2025-09" },
  "regression_coeffs": {
    "full_5": [1.0186750091739176, -0.0030196513070538944],
    "full_10": [0.8872973208298874, 0.003678563136717744],
    "full_20": [0.6013906822070715, 0.0209753430373825],
    "full_30": [0.2534226892459835, 0.044901708118683506],
    "restricted_5": [0.9649252188371695, 0.014643434263680727],
    "restricted_10": [1.088798216190916, 0.0007109393929390362],
    "restricted_20": [0.8480459980120469, 0.006791270853428094],
    "restricted_30": [0.2658049833900813, 0.04523120587150688]
  }
}
