year,month,CAPE,stock real return,bond real return
1871,1,NA,-0.01178108255690900000,-0.02557631386252900000
1871,2,NA,0.01423049561572690000,-0.01048281203978850000
1871,3,NA,0.07202588722415610000,0.04222116075616160000
1871,4,NA,0.05383645788870630000,0.02753668518863160000
1871,5,NA,0.01191959448922590000,0.02000547562766460000
1871,6,NA,-0.01417704011065000000,0.00419101878384143000
1871,7,NA,0.03353832893057660000,0.02025738101883650000
1871,8,NA,-0.00882459431336990000,-0.01933738132897880000
1871,9,NA,-0.06183196726225910000,-0.01124641598432440000
1871,10,NA,0.01561365286855470000,0.00420228509424736000
1871,11,NA,0.00306867523489984000,-0.01845078059466100000
1871,12,NA,0.02994549929676520000,0.00420791819988064000
1872,1,NA,0.00868827160493812000,0.00305999988574857000
1872,2,NA,0.02203203239927150000,-0.01178071027981910000
1872,3,NA,0.00985082772443935000,-0.01871791094757950000
1872,4,NA,0.00445141570141572000,0.00310934102174953000
1872,5,NA,0.00211517726032584000,0.01044937275531030000
1872,6,NA,0.01355349649971590000,0.01800668711163670000
1872,7,NA,-0.01438245529271000000,-0.00421902043997247000
1872,8,NA,-0.02026757225357330000,-0.00414883744697647000
1872,9,NA,0.03157191236644110000,0.02565576970330930000
1872,10,NA,-0.02806826569549740000,-0.02587642525451560000
1872,11,NA,0.04443271662721800000,0.01798077036295240000
1872,12,NA,0.01286160420775810000,0.00324085740602587000
1873,1,NA,-0.00905568268179402000,-0.01634928133594150000
1873,2,NA,-0.00279126213592229000,0.00533987202956765000
1873,3,NA,-0.00864318330071767000,0.00533252264955264000
1873,4,NA,0.02936597854462340000,0.02749975242489790000
1873,5,NA,0.02137694356266500000,0.03578180400508500000
1873,6,NA,0.00330488621151281000,0.00531047552565900000
1873,7,NA,0.00536552649228694000,0.00530312682346046000
1873,8,NA,-0.07105130784708250000,0.00529577829100192000
1873,9,NA,-0.05988076812109190000,0.02866537970125660000
1873,10,NA,0.00177658562076877000,0.03744980292829170000
1873,11,NA,0.07506678337113630000,-0.01828554171676780000
1873,12,NA,0.04420818941095520000,-0.01019590921872980000
1874,1,NA,0.03594420600858350000,0.00710914566031207000
1874,2,NA,-0.00885416666666639000,0.00708522973315540000
1874,3,NA,-0.00638714149374286000,0.02279320218224750000
1874,4,NA,-0.01239141284071290000,0.01496849877782980000
1874,5,NA,0.02590627215741840000,0.03137486599285850000
1874,6,NA,-0.00188505174584830000,-0.00106791368177706000
1874,7,NA,0.01654206892487050000,0.01508813729946560000
1874,8,NA,0.02181208053691260000,0.00694190770884484000
1874,9,NA,0.02031470361311660000,0.02342835846334660000
1874,10,NA,0.02328284260507800000,0.01521025437162820000
1874,11,NA,-0.00054704595185994800,0.00687035917692280000
1874,12,NA,0.00601138032305437000,0.00684652646727479000
1875,1,NA,0.00376284875183530000,0.00734319268884076000
1875,2,NA,0.01917770419426070000,0.00731556823593493000
1875,3,NA,0.01053549875465800000,-0.00096320045616471500
1875,4,NA,-0.00864391868829550000,0.03265154458302930000
1875,5,NA,0.00258474277947562000,0.02444661707271090000
1875,6,NA,0.00822869101978685000,0.00720521748282787000
1875,7,NA,0.00188283822793189000,-0.00135225734524136000
1875,8,NA,0.00525399509851976000,0.01575267800814450000
1875,9,NA,-0.01020213577421820000,0.00712261005442594000
1875,10,NA,0.03095484695294040000,0.01577874149533030000
1875,11,NA,0.01446803488957140000,0.01582653794016100000
1875,12,NA,0.03532044189584170000,0.01587566975427370000
1876,1,NA,0.01905829596412570000,0.00475352529383022000
1876,2,NA,0.00331858407079655000,0.00474430256815750000
1876,3,NA,-0.02359128725906760000,0.01362078105580400000
1876,4,NA,0.00444940603602406000,0.04159617248281580000
1876,5,NA,0.02707776205811310000,0.03315794953555180000
1876,6,NA,-0.00602409638554224000,0.00470741542263875000
1876,7,NA,-0.04438299086953760000,-0.00469345044234060000
1876,8,NA,-0.06346188141250900000,-0.00461560705271191000
1876,9,NA,-0.01684749658332580000,-0.01358319284527310000
1876,10,NA,-0.02116196729067570000,-0.00438242576492698000
1876,11,NA,-0.01633841327071240000,-0.01312391801721310000
1876,12,NA,-0.01897029997799580000,-0.01281629938284310000
1877,1,NA,-0.02716591380898340000,0.03134513123213160000
1877,2,NA,0.00057058975027524100,0.05137314708092640000
1877,3,NA,-0.09111435837740030000,-0.02296356006877880000
1877,4,NA,-0.01078428299353840000,-0.01351921175400170000
1877,5,NA,-0.01152685495316820000,0.06127060602475520000
1877,6,NA,0.04132794635899730000,-0.00498301672617385000
1877,7,NA,0.11862146958628400000,0.04340409746369600000
1877,8,NA,0.07871280860980370000,0.01424026976390300000
1877,9,NA,0.02696244855967090000,0.00438391586030229000
1877,10,NA,0.00970317112274754000,0.02445967553329640000
1877,11,NA,0.00178936605316982000,0.00436926338058830000
1877,12,NA,0.03593570230365280000,0.03543122011295650000
1878,1,NA,-0.00647428495674673000,0.01487768242079610000
1878,2,NA,0.04556856749480590000,0.02578872501708870000
1878,3,NA,0.04368507778928320000,0.01520814402079360000
1878,4,NA,0.04123853290656120000,0.03787524294485880000
1878,5,NA,0.04887716323763190000,0.02721185256808020000
1878,6,NA,0.01351952250261830000,-0.00689602970376124000
1878,7,NA,-0.01529772046264510000,-0.00678806336507365000
1878,8,NA,0.02469806763285030000,0.00436601049540819000
1878,9,NA,0.00409692746657431000,0.01564534819802970000
1878,10,NA,0.01282874437324440000,0.01575576568864360000
1878,11,NA,0.02178620889510130000,0.02770378366792080000
1878,12,NA,0.03008977059554960000,-0.00721226605471270000
1879,1,NA,0.02875243865033020000,-0.00655491702744615000
1879,2,NA,-0.00065861203005745900,0.01640590715185850000
1879,3,NA,0.04920153507476770000,0.01652727283635610000
1879,4,NA,0.04925508399646320000,0.00482780844131603000
1879,5,NA,0.02096486457594370000,0.01663473368510270000
1879,6,NA,0.01232796848285990000,-0.00688006847130562000
1879,7,NA,0.01141295379537950000,0.00478928883912189000
1879,8,NA,0.00576548576811109000,-0.02908993436410500000
1879,9,NA,0.05369054462760190000,-0.04868329103144120000
1879,10,NA,0.00356655616672219000,-0.04599604203862130000
1879,11,NA,-0.02809706006778100000,-0.02481095122663620000
1879,12,NA,0.01231007082579480000,-0.02398713770707710000
1880,1,NA,0.02103718199608600000,0.00553066397980184000
1880,2,NA,0.01303459050114490000,-0.00396870724525678000
1880,3,NA,0.01928088562726860000,0.04492252784690960000
1880,4,NA,-0.04751884041219350000,0.03593864062516070000
1880,5,NA,0.02900327607656310000,0.02618799764132750000
1880,6,NA,0.05001739735560200000,0.00543315682400891000
1880,7,NA,0.03992015968063890000,0.00541366952940114000
1880,8,NA,-0.00821962847728563000,-0.00486707605222669000
1880,9,NA,0.03297940797940810000,0.00537470915180593000
1880,10,NA,0.04584558130141430000,-0.00480196300433033000
1880,11,NA,0.03440963011516620000,-0.00471964373611522000
1880,12,NA,0.07445969151903100000,0.01547310990935610000
1881,1,18.4739523,-0.00960220531950462000,-0.00640221918977957000
1881,2,18.14725816,0.01505942733657470000,0.00363081023755019000
1881,3,18.27011914,-0.00936574563947179000,-0.00630509296317416000
1881,4,17.95010828,0.05931596380257440000,0.01364975227630820000
1881,5,18.86971869,0.01602564102564100000,0.00361466205882155000
1881,6,19.02871073,-0.04080409199842380000,-0.00632108113900653000
1881,7,18.11636719,-0.03872421427406400000,-0.01588758371302820000
1881,8,17.28624355,-0.02567370192937510000,-0.03391896351712220000
1881,9,16.72483665,-0.02101792345884410000,-0.00570130019623216000
1881,10,16.26198941,0.02022078137260230000,0.01296901382564730000
1881,11,16.47864232,-0.02477113624124960000,0.00358236772453147000
1881,12,15.95875421,-0.01053799223516360000,0.00357698559818065000
1882,1,15.67876416,-0.02655445773840750000,-0.00634112751294247000
1882,2,15.15386153,0.00287852619458850000,0.00294802110965953000
1882,3,15.0916703,-0.00460489996403668000,-0.00625451451082204000
1882,4,14.91699717,-0.01651407489708610000,-0.00616245046104180000
1882,5,14.5671032,-0.00958938534388254000,-0.00608734499219654000
1882,6,14.32740489,0.07068063262873790000,0.01207044950287540000
1882,7,15.24055976,0.02512319540850210000,-0.00608596324816590000
1882,8,15.52542933,0.04218883867391150000,0.03080979201703830000
1882,9,16.08110662,-0.01383707695465660000,0.01232823069526430000
1882,10,15.75558103,-0.02936720642190600000,0.01241740039412240000
1882,11,15.19267031,0.01936376033060290000,0.01250004649556580000
1882,12,15.38212833,-0.00055936073059381600,0.00295499264801524000
1883,1,15.27025912,-0.02702149658651660000,-0.00636275907746175000
1883,2,14.75759015,0.02673541843580170000,0.01264070095788790000
1883,3,15.05125412,0.03541819683122880000,0.01274003019736770000
1883,4,15.48206722,-0.00284326913474842000,0.01283301213983480000
1883,5,15.33549764,0.04375769445245490000,0.03318190429738220000
1883,6,15.90338839,0.00939301561199968000,0.02356636655513180000
1883,7,15.94878313,-0.04062390924956390000,0.00309016520507077000
1883,8,15.19681088,0.02643425955581740000,0.01343278005110760000
1883,9,15.49469243,-0.02217751657625070000,0.00308878173584470000
1883,10,15.04805627,0.03058682100832240000,0.01353016073548190000
1883,11,15.40821814,-0.02706952420496100000,-0.00724708409049746000
1883,12,14.89640394,-0.02483926342072400000,0.00308670653310594000
1884,1,14.43282172,0.03228281853281880000,0.00371039200186285000
1884,2,14.80596023,0.00133145363408516000,0.00370371881954723000
1884,3,14.73602345,-0.01999779899645830000,0.02482287115850060000
1884,4,14.35345368,-0.05584861067662950000,0.02527965611207740000
1884,5,13.46505031,-0.03512544802867400000,0.00368370015479758000
1884,6,12.90687648,0.01687443748437680000,0.01457949463422610000
1884,7,13.04393159,0.06869768310911820000,0.00367035511437730000
1884,8,13.85981334,-0.01540327819268710000,0.01469522378372430000
1884,9,13.56915474,-0.01617819502774340000,0.01481107566384580000
1884,10,13.27325132,0.00797451590961673000,0.02645549878220740000
1884,11,13.3044376,0.01517830724118350000,0.01518217121907610000
1884,12,13.43229275,-0.01720046082949280000,0.00363699509495441000
1885,1,13.12981743,0.02474212654827590000,-0.00743214667587311000
1885,2,13.38481759,0.03130975193545080000,0.02732219581347310000
1885,3,13.73419409,-0.00836146400532356000,-0.00758271481414596000
1885,4,13.54854854,0.01730007588940090000,0.02757281423016370000
1885,5,13.71137187,0.02478764794521600000,0.02813097769729110000
1885,6,13.97878437,0.03001712261873360000,-0.00802094860474301000
1885,7,14.32665878,0.06097346786248140000,0.00392021832027822000
1885,8,15.1304108,0.00376607076786017000,0.01600513009119300000
1885,9,15.11628503,0.06257526881720430000,0.00390062064755980000
1885,10,15.99102396,0.05647593044384650000,-0.00805967736069235000
1885,11,16.8240345,-0.02698274456882650000,-0.01946393622634950000
1885,12,16.30447595,0.02771819799517390000,0.02777176125140080000
1886,1,16.69231747,0.02302403846153830000,0.00175647501180598000
1886,2,17.00664826,-0.00521767775443294000,0.01383640472270180000
1886,3,16.8432661,0.00233527203332207000,0.01399580144662900000
1886,4,16.80171613,0.00884574939962368000,0.02683416030825200000
1886,5,16.86319552,0.06292179731103430000,0.01448210004555170000
1886,6,17.83149406,0.00612567018976318000,-0.01071144990519110000
1886,7,17.84584504,-0.00143239101150561000,-0.01054490139255260000
1886,8,17.7239128,0.02956238361266280000,0.00183371473715854000
1886,9,18.14714393,0.02878554143980660000,0.00184474697591575000
1886,10,18.56238134,0.02804867256637160000,0.00185577871414733000
1886,11,18.96831263,-0.03465859036345880000,-0.01035152177532850000
1886,12,18.19405756,-0.03098513017764000000,-0.02197624861563530000
1887,1,17.5122221,-0.01552856928551650000,-0.00989848192236809000
1887,2,17.1253666,0.02688778580024050000,0.00189990067115220000
1887,3,17.47321371,0.02630805408583180000,0.00191092991375252000
1887,4,17.82298364,0.02058189655172420000,0.00192195865862255000
1887,5,18.07544543,-0.01389266930284540000,0.01386119571695390000
1887,6,17.70769566,-0.00918391081523462000,0.01401503506057630000
1887,7,17.43146054,-0.03311554208631990000,-0.00997241412827954000
1887,8,16.73984961,0.00280144616385569000,0.01403735477154730000
1887,9,16.67662967,-0.04121340668331160000,-0.00995062362972277000
1887,10,15.88066681,0.01115906826494890000,-0.00980039983771563000
1887,11,15.9507122,-0.02467911386188350000,-0.02103612853056890000
1887,12,15.45551345,0.00001960531035472000,-0.00937862143191392000
1888,1,15.35866251,0.00969808089736368000,0.01613095730302110000
1888,2,15.41817832,-0.03401199494949480000,0.00456770118539107000
1888,3,14.80897237,0.01965068048890960000,0.01623702024145480000
1888,4,15.02010868,0.02964587511918260000,0.01635629922932800000
1888,5,15.38791696,-0.01549649187654940000,0.01648488385002040000
1888,6,15.07762882,0.01779479621768340000,-0.00730636707455212000
1888,7,15.27964252,0.02523832684824920000,0.00449788539094054000
1888,8,15.60291167,0.02849206349206330000,0.00448392693999211000
1888,9,15.98782882,-0.01356606332864610000,-0.00720836419915527000
1888,10,15.71594187,-0.02825344066295280000,-0.00709182890380200000
1888,11,15.22374902,-0.01542620865139950000,0.00444206104176748000
1888,12,14.9467483,0.05971436816309650000,0.04030185008412590000
1889,1,15.80228607,0.02731039770189380000,0.01516949218332940000
1889,2,16.19272045,-0.00519159933013824000,0.01531583020816370000
1889,3,16.06504536,0.00171323057161188000,0.00308061159045248000
1889,4,16.05010453,0.05642591327479840000,0.02815535657527390000
1889,5,16.91542108,0.02044172932330810000,0.00307649428588541000
1889,6,17.21930294,-0.01687923598274810000,0.00307443563962795000
1889,7,16.88921449,0.01671855345911940000,0.00307237699738905000
1889,8,17.13185398,0.01497482607028840000,-0.00931266720427182000
1889,9,17.35078803,-0.01482272727272730000,0.00306825972496938000
1889,10,17.0532144,-0.00585185185185189000,0.00306620109479017000
1889,11,16.90602117,-0.01434965559405800000,-0.00916879140545690000
1889,12,16.61033808,0.04009225650233340000,0.02813847576099930000
1890,1,17.22007198,-0.00774473358116456000,0.00145109434801616000
1890,2,17.02681498,-0.00407268170426056000,0.00146607981551217000
1890,3,16.90112229,0.02430555555555540000,0.00148106409398929000
1890,4,17.25785454,0.03315911775297750000,-0.01086750387141440000
1890,5,17.78643049,-0.00385527876631098000,0.00151102908980216000
1890,6,17.68436084,-0.00388291517323780000,0.00152600981009132000
1890,7,17.58929544,-0.05515113458801620000,-0.03422862161548930000
1890,8,16.59679113,-0.02485634982133100000,-0.01022746850016070000
1890,9,16.169702,-0.04166666666666670000,0.00157094487816334000
1890,10,15.48284916,-0.04679757539566280000,0.02572036053481060000
1890,11,14.74504349,-0.01946213729653220000,0.00160089569423927000
1890,12,14.44299123,0.06903988120723130000,0.01383114083135560000
1891,1,15.42898009,0.00394094588697169000,-0.00893127475859579000
1891,2,15.47652233,-0.02635592440650620000,-0.00878773823325651000
1891,3,15.05162336,0.02487420851991890000,-0.00864960867065923000
1891,4,15.40894513,0.01156585846368820000,0.01509394650412640000
1891,5,15.56649523,0.00748938007671107000,0.02761677349303370000
1891,6,15.6582114,-0.00052562196341210400,0.01553348265936160000
1891,7,15.61791924,0.03738644304682050000,0.00314710009781671000
1891,8,16.16399851,0.09841465069413460000,0.01568442986668250000
1891,9,17.71126141,0.00343964978111333000,0.00314434402218433000
1891,10,17.71656859,0.00094250286273722700,0.01584144342561820000
1891,11,17.67173917,0.03396825396825400000,0.00314158795125463000
1891,12,18.206303,0.04844193722943000000,0.02919564140978340000
1892,1,19.0163884,0.00519207501512398000,0.00195945267440534000
1892,2,19.03642504,0.04131323686459320000,0.02868952512980490000
1892,3,19.73805485,0.01512903403648620000,0.01552229434771620000
1892,4,19.94326524,0.00341561938958712000,0.00199253087027884000
1892,5,19.91146521,-0.00194494314781557000,0.00200355594634316000
1892,6,19.7692844,-0.02292319459630860000,-0.02435516934720860000
1892,7,19.21188643,0.00473027574033447000,-0.01098708182553550000
1892,8,19.2043038,-0.02142645314353480000,0.00203662821330730000
1892,9,18.69427181,0.02367244525547440000,0.00204765131675155000
1892,10,19.04021492,-0.02534100699516110000,-0.02330974979926250000
1892,11,18.46331269,-0.01959201092397610000,-0.01045662832115370000
1892,12,18.01300925,-0.01514178747454150000,-0.03413933963949760000
1893,1,17.65664371,-0.02596972388477160000,-0.00847579759138128000
1893,2,17.12519385,-0.00903582483895204000,0.02794091910166910000
1893,3,16.89958903,0.01621154124948740000,0.01585176525308670000
1893,4,17.10254158,-0.07323890744494770000,0.01600210364341260000
1893,5,15.78098731,-0.01877179298854860000,0.02918554354813230000
1893,6,15.41650386,-0.06485431124013660000,0.02985913575326450000
1893,7,14.34985418,0.02130998552874440000,0.04468722076813100000
1893,8,14.58805654,0.03365430413350310000,-0.03616414616803580000
1893,9,15.01206908,0.02104902552278660000,-0.00958863657034625000
1893,10,15.27179415,0.04737474366437900000,0.03019725209873520000
1893,11,15.9424114,-0.01734974538790680000,0.01699608010035880000
1893,12,15.61269434,0.01159380626581540000,0.03130518796354380000
1894,1,15.73986935,0.03292769859222530000,0.01889356253384180000
1894,2,16.2027366,0.06422453343463120000,0.03385018678542790000
1894,3,17.18762209,0.01767738359201810000,0.00471272994098793000
1894,4,17.43484908,-0.03294493070751280000,0.00469762346120839000
1894,5,16.80875192,-0.00928030303030314000,0.00468251901064276000
1894,6,16.6063197,-0.01638440860215040000,0.00466741659232306000
1894,7,16.28967971,0.01267285314001380000,-0.02364756232792460000
1894,8,16.45777707,0.00586383441532323000,-0.00931540050351765000
1894,9,16.52231544,0.00057444840680664900,0.03332543627877560000
1894,10,16.50290421,0.00409562211981562000,0.00460702730229712000
1894,11,16.54278445,0.00923257500131358000,0.01915051992389700000
1894,12,16.67246633,-0.00759108527131769000,0.00457684492993038000
1895,1,16.52444394,-0.01006470588235290000,0.00190571038621523000
1895,2,16.33123769,0.00407716785998402000,0.00191596879650335000
1895,3,16.36462543,0.00337854525697634000,-0.03981986020185560000
1895,4,16.38754382,0.04426203800284730000,-0.01178916908111930000
1895,5,17.08036955,0.00931258290732995000,-0.01159242512427420000
1895,6,17.20741354,0.02157568650492900000,0.01568176453483260000
1895,7,17.54601465,0.03244693923165350000,0.01588397667382970000
1895,8,18.07407255,0.00965553235908145000,0.00197751072529417000
1895,9,18.20033595,-0.01118084370677740000,0.00198776629456976000
1895,10,17.94470662,-0.03032105263157890000,0.00199802145939865000
1895,11,17.34299899,-0.04207006388743300000,0.01612037515340670000
1895,12,16.54841516,0.00624864315402629000,0.01633360324774010000
1896,1,16.57622483,0.06098563032469210000,0.01894494463864360000
1896,2,17.51540335,-0.01221910112359530000,0.00437649490701042000
1896,3,17.23236271,0.02757751150809410000,0.01913428508091550000
1896,4,17.64369938,0.01388880042562990000,0.01934175955331360000
1896,5,17.82826689,0.00025035880428148100,0.01955459548363090000
1896,6,17.77757862,-0.06126157407407420000,0.00432530052969193000
1896,7,16.6371001,-0.05314975247524740000,0.00431250489388413000
1896,8,15.70337055,0.05648512685914240000,0.00429971044443356000
1896,9,16.54433994,-0.00396288140240697000,-0.02525074849594200000
1896,10,16.4388668,0.04134002372491710000,-0.02441924676094780000
1896,11,17.08942524,-0.03310502283105040000,0.00426133422901454000
1896,12,16.50140418,0.03307062641595750000,0.03378508146324700000
1897,1,17.02652128,-0.00592417061611361000,0.00318373265932137000
1897,2,16.89402588,0.00598086124401909000,0.00318032920235400000
1897,3,16.95803072,-0.01293003901952930000,0.01815026738309270000
1897,4,16.69685743,0.02390207237059940000,0.01837237626656770000
1897,5,17.04775513,0.05024509803921550000,0.00317011894345942000
1897,6,17.85049728,0.04800936768149900000,0.00316671556118364000
1897,7,18.65197576,0.02193375630592630000,-0.04045280689867200000
1897,8,19.00639601,0.02195720061816120000,-0.02509793031801690000
1897,9,19.37237029,-0.01524619508326830000,0.01748783557520170000
1897,10,19.02803122,-0.03215767634854780000,0.00315310221901277000
1897,11,18.3584481,0.02473118279569890000,0.00314969893023220000
1897,12,18.74875766,0.03055614035087720000,0.00314629566016889000
1898,1,19.24900002,-0.01301929611462660000,-0.00959991311644759000
1898,2,18.91813189,-0.04200889801505810000,0.00453354217336543000
1898,3,18.04217492,-0.01385842293906800000,0.00451791096254217000
1898,4,17.70508943,-0.00125514074652300000,-0.06158351288927940000
1898,5,17.59563527,0.11566469636425500000,0.07522528829089100000
1898,6,19.54481748,0.02149748987874540000,0.01882114112794530000
1898,7,19.85894301,0.04057250656167950000,0.00445540966860714000
1898,8,20.54491518,0.00118595825426970000,0.00443979025084018000
1898,9,20.44273286,-0.01779626108998760000,0.00442417320273281000
1898,10,19.94719983,0.03621844660194200000,0.00440855852798161000
1898,11,20.52741632,0.05016007318410360000,-0.00975394212329150000
1898,12,21.40363199,0.07906784660766950000,0.00437733631336967000
1899,1,22.93280742,0.01208424836963950000,-0.02523005232926590000
1899,2,23.04811755,0.01693740095087160000,0.00223161733449162000
1899,3,23.27968225,0.00142959362260742000,-0.01130790445953990000
1899,4,23.15242153,-0.03904063786008220000,0.00223870185540131000
1899,5,22.09126936,-0.03286324083522500000,-0.01112147119255940000
1899,6,21.21209193,0.02377097089683970000,-0.01094213092802660000
1899,7,21.56142563,0.01486767752456110000,-0.01076626331257910000
1899,8,21.72623737,-0.04537789444264940000,-0.03533190531213990000
1899,9,20.59114051,-0.01430514569269510000,-0.01011652500831770000
1899,10,20.15371346,0.00921725150866837000,-0.00996317139205816000
1899,11,20.19645752,-0.07666309210701080000,-0.00981240020999330000
1899,12,18.51264964,0.01629983388704300000,0.00226703917743132000
1900,1,18.67427536,0.00895111819506655000,-0.00896009359551109000
1900,2,18.70379742,0.01117149758454090000,0.00297615615004054000
1900,3,18.77579342,0.01597444089456860000,0.00297275384229856000
1900,4,18.93640203,-0.02075012594221800000,0.02743186634405670000
1900,5,18.40319702,-0.01426147439401790000,0.01534870028035300000
1900,6,17.99271158,-0.00850815502511681000,-0.00926914782713018000
1900,7,17.68954547,0.03005355255388140000,0.01534181178903580000
1900,8,18.06961467,-0.03163153181949530000,-0.00927586928727697000
1900,9,17.34187415,0.05314542757610960000,0.01533492337484410000
1900,10,18.10239878,0.08225873544093190000,0.00294893822106368000
1900,11,19.4195846,0.07734309902481300000,0.01548174167048780000
1900,12,20.74405116,0.02002206104109710000,-0.00943926918677329000
1901,1,20.97858183,0.04189695707649910000,0.01453956165558390000
1901,2,21.67914985,0.03936781609195390000,0.00202072222322980000
1901,3,22.34758395,0.10105507563728500000,0.01471080092479200000
1901,4,24.40971699,-0.04721232596232610000,0.00203219175451030000
1901,5,23.06401268,0.10295385942216500000,0.00203792640316269000
1901,6,25.23846621,-0.07570332770019360000,-0.01048233794515750000
1901,7,23.14484855,0.00460675443576464000,-0.01032098671969610000
1901,8,23.07717771,-0.01388490708764560000,-0.01016549851393930000
1901,9,22.59046832,-0.00795104166666671000,0.00206086421875940000
1901,10,22.25290162,0.01249715778871740000,-0.01000692645319590000
1901,11,22.37507478,-0.02454072177887690000,-0.00985651963059087000
1901,12,21.68021514,0.03709206482267600000,0.01415070217324790000
1902,1,22.3402908,0.01192220853858790000,0.00180083499402928000
1902,2,22.45995745,0.00450244200244199000,0.00180956958075074000
1902,3,22.41065229,0.02508213139741590000,-0.01010752437981230000
1902,4,22.8231087,-0.01094742783884460000,-0.00995958741072278000
1902,5,22.42795449,-0.01430369680986040000,-0.00981193634107058000
1902,6,21.9637423,0.02582045184304400000,0.00184450531220604000
1902,7,22.38568659,0.04202484465397100000,0.01363816564069430000
1902,8,23.16867183,-0.00633283854267952000,-0.00978604110982206000
1902,9,22.85656638,-0.09190661406525460000,-0.06347271968942180000
1902,10,20.6044254,-0.00278068846287871000,0.03565775987481510000
1902,11,20.40854126,-0.03061513046565440000,-0.00924623800910007000
1902,12,19.63323213,0.04277660680728520000,-0.00911522070454440000
1903,1,20.31813205,-0.00262706855791983000,0.00204630535287609000
1903,2,20.10705152,-0.00305581026657886000,0.03621168828914660000
1903,3,19.88456038,-0.03736901815181530000,0.00206074713367599000
1903,4,18.9800226,0.00717785121316883000,0.02537671793869170000
1903,5,18.95485872,-0.05153508771929820000,0.00207518831423759000
1903,6,17.81855172,-0.04199512534818950000,0.00208240867966247000
1903,7,16.91817841,-0.02794038929440390000,0.00208962889530784000
1903,8,16.29911879,-0.03106540332120470000,-0.00942387228582009000
1903,9,15.65435912,-0.01668724668641390000,0.01375886381474830000
1903,10,15.25294383,0.01968671938921830000,0.01389925116858450000
1903,11,15.40787753,0.05082271762208080000,0.00211850826195858000
1903,12,16.04289414,-0.00233503205002838000,-0.02091245680357020000
1904,1,15.86183391,-0.04462131648627570000,-0.02024516102306220000
1904,2,15.02149838,0.01265288224525470000,0.01366086105406850000
1904,3,15.08193018,0.04085160956896590000,0.01380732102032980000
1904,4,15.56549061,0.00623121137071569000,0.02587432281066080000
1904,5,15.5258209,0.00576923076923075000,0.00229590551134851000
1904,6,15.47443364,0.04565668202764980000,0.00230163661468330000
1904,7,16.03640163,0.02583003186643110000,-0.00934582341610202000
1904,8,16.30465198,0.03597787040401300000,-0.00921010879288320000
1904,9,16.74260005,0.06234858834244060000,0.00231882946780093000
1904,10,17.63319737,0.03380203351506950000,-0.02019473994204810000
1904,11,18.07620022,0.01295389636882890000,0.00233029098951953000
1904,12,18.15967912,0.02496666666666660000,0.00233602163638480000
1905,1,18.45985203,0.04698793989719260000,0.00324908264451595000
1905,2,19.16899638,0.04310481369066840000,0.01463880928136250000
1905,3,19.83150607,-0.00923848987108655000,0.00324227503467678000
1905,4,19.48292752,-0.03528510384171120000,0.01477272189486480000
1905,5,18.62948751,0.01490196078431390000,0.00323546749907266000
1905,6,18.73586239,0.03451259689922460000,0.00323206375912299000
1905,7,19.20588331,0.02841812378344420000,-0.00817398143087389000
1905,8,19.57330843,0.01777265788880220000,0.01475895044671230000
1905,9,19.74349242,0.01703412784398690000,0.00322185265075414000
1905,10,19.89739481,-0.01375743216892770000,-0.00818407642522057000
1905,11,19.44352569,0.01611910719329180000,-0.00804981046812370000
1905,12,19.57796081,0.03752445842068490000,0.00321164170972654000
1906,1,20.13240226,-0.00420719351570409000,0.00118069938061827000
1906,2,19.86675256,-0.02153486394557850000,0.00119894357945372000
1906,3,19.25945302,-0.01051865411436540000,0.00121718572622087000
1906,4,18.876205,-0.03419093875525650000,-0.00989172707930652000
1906,5,18.05404446,0.01638525780682640000,0.00125366387579784000
1906,6,18.17266638,0.01122094330807260000,0.03579581455262000000
1906,7,18.19520014,0.05320990688451040000,-0.02120592582001190000
1906,8,18.96725148,0.02261594306392880000,-0.00981959772987762000
1906,9,19.20099368,-0.04784746232498260000,-0.02044580474499880000
1906,10,18.09538091,0.01292818282056580000,-0.00941542640886939000
1906,11,18.14185165,-0.01628640527855260000,-0.00929196776721841000
1906,12,17.66000367,-0.01455415357827830000,0.01215108056002270000
1907,1,17.21891385,-0.04830643657534240000,-0.01941650432946500000
1907,2,16.21707129,-0.08494832546157890000,0.01234922371346480000
1907,3,14.68754526,0.00891516966067885000,0.00170568659016812000
1907,4,14.66970991,-0.05062967827529910000,-0.01915278436793890000
1907,5,13.79010715,-0.03779426629181810000,-0.00858493905517133000
1907,6,13.14426995,0.04276466836734730000,0.00175057946129176000
1907,7,13.58500736,-0.07057022932022940000,0.00176554142724528000
1907,8,12.5134716,-0.00586542718016858000,0.00178050223339365000
1907,9,12.32856966,-0.11302408354872500000,-0.00842907180017105000
1907,10,10.83184015,-0.01296739704783250000,0.04444045797005920000
1907,11,10.59117756,0.08004127392274560000,0.02359935404947680000
1907,12,11.33330624,0.05967760632452060000,0.01285183393237350000
1908,1,11.90296863,-0.02045865504593460000,0.01513689643480620000
1908,2,11.5548463,0.04633838383838350000,0.00397193433024490000
1908,3,11.98466266,0.04739311347786160000,-0.00707023003294205000
1908,4,12.44888916,0.05873964088397780000,0.00395730306739828000
1908,5,13.07845136,0.00589777195281771000,0.00394998772434829000
1908,6,13.05168413,0.02987473791197840000,-0.00697196904761388000
1908,7,13.3454871,0.04727798821548790000,0.00393535761565111000
1908,8,13.8842329,-0.00675948345439881000,0.00392804285026749000
1908,9,13.70144227,0.00546630574157159000,-0.00686720183732925000
1908,10,13.69081036,0.06037424282864760000,-0.00676874044981923000
1908,11,14.43501409,0.01561836502296130000,-0.00666351072589488000
1908,12,14.58248291,0.01775957880453880000,0.01458078441480070000
1909,1,14.76441846,-0.03522249782995820000,-0.00845004541810279000
1909,2,14.16715752,0.01751893939393920000,0.00211157562881548000
1909,3,14.33605838,0.02708610421241240000,-0.01853528368743570000
1909,4,14.6451986,0.02640394833029960000,-0.00809437026578796000
1909,5,14.95350979,0.01096947707835620000,-0.00798012860679598000
1909,6,15.04044468,0.01788520408163240000,0.00215565176455912000
1909,7,15.23150324,0.01744284508967040000,-0.00785704448716085000
1909,8,15.41758071,-0.00543690459069635000,-0.00773850861118330000
1909,9,15.25444644,-0.01209762148258000000,-0.01727529179016030000
1909,10,14.9888453,-0.01093479662969800000,-0.00743878751617744000
1909,11,14.74563118,0.00571731524545571000,-0.00733606276643761000
1909,12,14.75063849,-0.00833276209859890000,0.01186047095075950000
1910,1,14.54788504,-0.03203538359788340000,0.00277958649582510000
1910,2,14.0020379,0.00912596886057293000,-0.01613178383616230000
1910,3,14.05000697,-0.02948900118753160000,-0.00658423451964563000
1910,4,13.55988362,0.00622233256017979000,0.02189115125894190000
1910,5,13.56879229,-0.03495823954635780000,0.01244382819563520000
1910,6,13.0196573,-0.04635989010988970000,0.00280454286152820000
1910,7,12.34258126,0.03873213668109470000,0.01254756042734110000
1910,8,12.74505515,0.02104980463560470000,0.01264809121217690000
1910,9,12.9371611,0.08219153068723810000,0.03320563464710720000
1910,10,13.91886666,0.02379409444771570000,0.02350565596409090000
1910,11,14.16452318,-0.02372001432151800000,0.00282949799864562000
1910,12,13.74147842,0.02863720073664800000,0.00283448887887361000
1911,1,14.04921518,0.05408320468941400000,0.03512392705483580000
1911,2,14.72148847,-0.01796088869176240000,-0.00744703992082463000
1911,3,14.37062322,0.03251375192128640000,0.03582403295976340000
1911,4,14.75293542,0.02577227011494250000,0.00311844766836833000
1911,5,15.04766059,0.02417369901547130000,0.00312055481498819000
1911,6,15.32835568,-0.01083104989562110000,-0.00765669229720933000
1911,7,15.08311058,-0.07359070443614560000,-0.02822927307334420000
1911,8,13.89979067,-0.06003937158583480000,-0.00720801285457562000
1911,9,12.99795398,0.01028450595924650000,0.00312898336292666000
1911,10,13.06647285,0.05550371547389670000,0.01357360885612850000
1911,11,13.72799759,0.01934879083050300000,0.01369467067397450000
1911,12,13.92925842,-0.00507078000327288000,-0.00731615249838402000
1912,1,13.79495263,-0.01471851092806640000,-0.00995559619798569000
1912,2,13.53163437,0.01224135199973460000,-0.01982765129492060000
1912,3,13.63976917,0.00497248027910424000,-0.02899998001817160000
1912,4,13.65439269,0.00307785888077849000,0.00045761553646372900
1912,5,13.64550069,0.01407586655157880000,0.01040119393593700000
1912,6,13.7854174,0.00518267223382063000,0.00052883859953700700
1912,7,13.80287665,0.01701135772588810000,-0.00924706972336409000
1912,8,13.98476176,-0.00064655184905859600,-0.00911655648852649000
1912,9,13.926285,0.00201402974983100000,0.00063558366035110200
1912,10,13.9050927,-0.00712059620596206000,0.00067114160142600600
1912,11,13.74954102,-0.02236667942229890000,0.01051958448848220000
1912,12,13.38899945,-0.01393372567838670000,-0.00897572924538781000
1913,1,13.14808879,-0.03118279569892470000,0.00564529333531771000
1913,2,12.68296052,-0.01449275362318840000,0.00562731973220476000
1913,3,12.44345352,0.00340909090909070000,0.00560934950674086000
1913,4,12.43306708,-0.01267841854028070000,0.01595830413576780000
1913,5,12.22140106,-0.05535266738274290000,-0.00468753404423017000
1913,6,11.49196285,0.00818530128874961000,-0.00460166669308348000
1913,7,11.5340228,0.03159173754556500000,0.00553750250292118000
1913,8,11.84684054,0.00405917159763325000,-0.00453564623560510000
1913,9,11.84331683,-0.02696365767878060000,0.00550159942524497000
1913,10,11.47149024,-0.03027833049648760000,-0.00447163067930556000
1913,11,11.07253785,0.01376397515527940000,0.01552036712937620000
1913,12,11.17404087,0.04596807628524060000,0.00544777047696132000
1914,1,11.63609211,0.02810261113725860000,0.01305644271739910000
1914,2,11.91023388,-0.01429834905660380000,0.00293160123757086000
1914,3,11.68552602,-0.00942528453689173000,0.01317137844047660000
1914,4,11.52266254,0.00061680018576582000,-0.00718769093170113000
1914,5,11.47900869,-0.00030599755201943200,0.00294876964702473000
1914,6,11.42871517,-0.06028136531365350000,-0.00707505261695951000
1914,7,10.69434518,-0.01492715141612190000,-0.01670567167333340000
1914,8,10.49204627,0.00472005208333348000,0.00296593740835616000
1914,9,10.5004973,0.01461298473597350000,0.01290207232538390000
1914,10,10.61275947,-0.00523758765659055000,-0.00685572936743639000
1914,11,10.51691764,-0.02889077970297040000,0.01291363030988020000
1914,12,10.17221799,0.02245804988662140000,0.00298882675027223000
1915,1,10.3598342,0.00124239081996436000,0.01486242526179640000
1915,2,10.32978621,0.04092528719900000000,0.01495154481743530000
1915,3,10.70701319,0.06915749669749040000,-0.00525812050789376000
1915,4,11.40112379,-0.02871165494927850000,-0.00517076621283630000
1915,5,11.02692988,0.01577568134171890000,0.00476527595124265000
1915,6,11.15426219,0.00068200663349937700,0.00475302674451394000
1915,7,11.11362939,0.04688618393674560000,0.00474077850598875000
1915,8,11.58483164,0.04139221556886220000,0.00472853123680816000
1915,9,12.01157076,0.04916095903334390000,-0.00513387471814120000
1915,10,12.54907613,0.02883750079666880000,-0.00505036854051133000
1915,11,12.85771445,0.00590204369274128000,0.00469179525676688000
1915,12,12.8784446,-0.02144846099751160000,-0.00498082843009895000
1916,1,12.54356369,-0.00989907109682020000,0.00215246235828159000
1916,2,12.35465233,-0.00860420979986198000,-0.00737862119491917000
1916,3,12.1770528,-0.01597562292956930000,-0.00727535335029939000
1916,4,11.90648178,0.01690599594019490000,-0.00717376699510774000
1916,5,12.02625667,0.00476821886611534000,-0.00707381544334451000
1916,6,11.99596122,-0.00938568376068372000,0.00221921800257063000
1916,7,11.79116528,0.00296231872533714000,-0.00696222753238884000
1916,8,11.73208264,0.02674751364267490000,-0.01581257045668930000
1916,9,11.94455242,0.01729619962700200000,-0.01547984047415090000
1916,10,12.04574176,0.00976007086637054000,-0.01515822027107610000
1916,11,12.0532304,-0.04389994033345700000,-0.00635444308875999000
1916,12,11.41355919,-0.02700354671783260000,-0.00626736305442255000
1917,1,10.99236143,-0.07507699843260220000,-0.02379450557144010000
1917,2,10.06318774,0.03647563676633460000,0.00126301921033689000
1917,3,10.32715708,-0.05679760626054930000,-0.04639083010608010000
1917,4,9.644531197,-0.04340827767175580000,-0.01432933403788530000
1917,5,9.138988813,0.01040689934595140000,-0.01406244399113570000
1917,6,9.14822026,-0.00650940841629821000,0.01701582033505120000
1917,7,9.003472377,-0.03847192322277630000,-0.01401008203535760000
1917,8,8.572680467,-0.06325933532541820000,-0.02116588719224980000
1917,9,7.950823264,-0.06144226266496360000,-0.01338711516816000000
1917,10,7.387133711,-0.07596354166666660000,0.00147573988480199000
1917,11,6.753013605,-0.04014339333112160000,-0.01311816605693760000
1917,12,6.412593898,0.04572829131652670000,-0.01993246699717100000
1918,1,6.640646029,0.03089352521288080000,-0.00284960356128050000
1918,2,6.784343552,-0.00573447413958861000,0.01144150714625700000
1918,3,6.68635576,-0.01622878295413500000,-0.00988112828578835000
1918,4,6.520727731,0.01779457012131940000,-0.01651907504824800000
1918,5,6.582363232,-0.00531919757150190000,-0.00940936414888938000
1918,6,6.496291319,-0.01189830659140400000,-0.02235340931033520000
1918,7,6.371324094,-0.00370429614770484000,-0.01531872111992240000
1918,8,6.303073761,-0.01781422785405770000,-0.01494954730131140000
1918,9,6.149170562,0.02929307581786020000,-0.01459439504962300000
1918,10,6.290515321,0.01260816851132040000,-0.01425249016529140000
1918,11,6.333327495,-0.02590984284532690000,-0.00794689086598233000
1918,12,6.134580411,-0.00035126582278477400,0.00422080424490279000
1919,1,6.09846764,0.02850151372178990000,0.01915730626505920000
1919,2,6.239692771,0.02374025009285610000,-0.01153779032544630000
1919,3,6.356074005,0.02030045819690710000,-0.01727300723529570000
1919,4,6.456139556,0.06190808419904400000,-0.01110114890025620000
1919,5,6.829002261,0.03186547751765150000,0.00078018206985719400
1919,6,7.021615215,0.00770611549997691000,-0.02794075043663930000
1919,7,7.052837165,-0.07842601008750840000,-0.01610706939698840000
1919,8,6.479131102,0.01512167006574370000,-0.00472821374685850000
1919,9,6.558481672,0.03851524702448490000,-0.01565708352990270000
1919,10,6.7947042,-0.04595796588563230000,-0.02067149230731480000
1919,11,6.467022574,-0.04521775259896400000,-0.02017610765126990000
1919,12,6.160717034,-0.02577271486326370000,-0.01969968938364860000
1920,1,5.989667771,-0.08716143005101110000,-0.00693054132245641000
1920,2,5.45534765,0.06485006580184250000,-0.00681746295178576000
1920,3,5.798822728,-0.03251070069677630000,-0.02627876910056350000
1920,4,5.599858726,-0.07145776416798360000,-0.01122601803684330000
1920,5,5.188950462,-0.02617529612436240000,-0.01100770504613110000
1920,6,5.04363968,0.00901870771011404000,0.00822784182055170000
1920,7,5.08059292,-0.00994804024753038000,0.02812706770160280000
1920,8,5.020701078,0.05679084429824590000,0.01847248152763760000
1920,9,5.29716277,0.01176466832255300000,0.00847221424842726000
1920,10,5.351177393,-0.04052857786836210000,0.00850641348436221000
1920,11,5.126407931,-0.06500151607034580000,0.02413686433768690000
1920,12,4.784241045,0.07235265476466490000,0.02458130691342150000
1921,1,5.122184147,0.03141899294726750000,0.04228946502248920000
1921,2,5.274857191,-0.01426621671130090000,0.01485117792492390000
1921,3,5.192348159,0.02149944189258620000,0.02044881551342700000
1921,4,5.297085923,0.05970939248503070000,0.03206519289372300000
1921,5,5.609469225,-0.06912047529366720000,0.01495213423417520000
1921,6,5.216110961,-0.00260341283190269000,0.00347725163095913000
1921,7,5.197779362,-0.00616768759571207000,0.00913977927451515000
1921,8,5.161294823,0.04269269102990040000,0.02063337932021850000
1921,9,5.377524425,0.01951966717095300000,0.00906188571822941000
1921,10,5.479257678,0.06559408417681700000,0.01482202346204860000
1921,11,5.838196993,0.04685683407293380000,0.01481654233184230000
1921,12,6.114158849,0.02768535981889660000,0.03282592285696980000
1922,1,6.28708729,0.02726369863013690000,0.00318033603648549000
1922,2,6.461305873,0.05530042461992890000,0.01519878280715870000
1922,3,6.821387249,0.06585594315245500000,0.00318885599014807000
1922,4,7.27325339,0.04385708485586640000,0.00319311592181259000
1922,5,7.593467259,-0.00464048456428312000,0.00319737582338142000
1922,6,7.557987352,0.00590168592091689000,-0.00276980261284221000
1922,7,7.602095046,0.05499285036739180000,0.01529271355478530000
1922,8,8.02003069,0.03074273310683310000,0.00321015534762381000
1922,9,8.265083002,0.02054181923129450000,-0.00279285681795949000
1922,10,8.432151999,-0.05080797464774260000,-0.00275286485125315000
1922,11,7.998253772,-0.00337547068316291000,-0.00271329578085289000
1922,12,7.964679865,0.02458675131973800000,0.00919878473483093000
1923,1,8.154200483,0.04750280898876390000,0.00564552231862092000
1923,2,8.533360579,0.02078843390804620000,0.00562701985812075000
1923,3,8.700737501,-0.03616570557267180000,-0.00034182511664726500
1923,4,8.372809668,-0.04250641025641020000,0.00559002623852067000
1923,5,8.000497868,-0.03875206368591280000,-0.00034359158358265900
1923,6,7.671825283,-0.03965844766047600000,-0.00613942956503410000
1923,7,7.345985119,0.01628185780138240000,0.01141488325655440000
1923,8,7.441783174,0.00569282945736438000,-0.00032993934506586600
1923,9,7.458183867,-0.01506481317304410000,-0.00031451646221492000
1923,10,7.317400396,0.03537048567870470000,0.00547913629680097000
1923,11,7.546327912,0.03919790407093910000,0.00546066797273426000
1923,12,7.809739145,0.03793079922027290000,0.00544220347698965000
1924,1,8.072249446,0.01543259523119760000,0.01058460830493950000
1924,2,8.162066221,-0.00837415472791969000,0.01060586073244110000
1924,3,8.058077044,-0.01207033468559810000,0.01062751531697530000
1924,4,7.923620348,0.00174803921568634000,0.00470458165404275000
1924,5,7.899698331,0.02420306965761520000,0.00469175156194845000
1924,6,8.051676946,0.04543113125933140000,-0.00119639272356431000
1924,7,8.37771214,0.04545764119601330000,0.01057589536738980000
1924,8,8.717418309,-0.01059341489579310000,-0.00122189715847310000
1924,9,8.581670375,-0.01381491200502800000,-0.00120049016326085000
1924,10,8.419491036,0.06086436655713780000,0.00462761828243807000
1924,11,8.888327361,0.05257677148042390000,-0.00119222686414044000
1924,12,9.31063968,0.04588418635170610000,0.00460197301500576000
1925,1,9.692618852,0.01879304139007340000,0.01029164349055180000
1925,2,9.830804723,-0.02750269514765090000,-0.00136583929853762000
1925,3,9.518537539,-0.00026304082637607100,0.01026824078289490000
1925,4,9.476566788,0.03073562597932260000,-0.00138897055986476000
1925,5,9.729007694,0.01073897042323080000,-0.00707364152690715000
1925,6,9.79638618,0.02058310664713670000,-0.00695543558467115000
1925,7,9.963993892,0.01789264264264270000,0.00438201523746939000
1925,8,10.11091846,0.02746296296296300000,0.00437038617093144000
1925,9,10.35924761,0.03729872574572820000,0.00435875795283880000
1925,10,10.718496,0.01803945892907220000,-0.01239198825892800000
1925,11,10.88631744,0.02609202839775080000,0.00994631693766501000
1925,12,11.14736524,0.01931179775280900000,0.00432387839873449000
1926,1,11.34096619,0.00563241106719348000,0.00542091275448175000
1926,2,11.38943567,-0.05852290866684980000,0.01104874835632510000
1926,3,10.71235206,-0.02895236022876170000,-0.00023669213072685700
1926,4,10.39558769,0.01727937937986910000,0.01100757278516170000
1926,5,10.57515846,0.05817229683498510000,0.01101890317737570000
1926,6,11.19797974,0.05856523534269200000,0.01680791842649330000
1926,7,11.86969406,0.04997768548372420000,0.01107568630046510000
1926,8,12.48880822,0.01365799216027840000,-0.00046677948244877600
1926,9,12.69261482,-0.02387739301801790000,-0.00045446525125925100
1926,10,12.42651752,0.01167695071467630000,-0.00044251531240235800
1926,11,12.61525121,0.02710386656558010000,0.00521635950344024000
1926,12,13.00905273,0.00903370750820698000,0.01668388986569000000
1927,1,13.18593063,0.02966051566878280000,0.00861712700024042000
1927,2,13.63396613,0.02559898103403020000,0.00864974649984029000
1927,3,14.03325751,0.02881939437635220000,0.00285221719246698000
1927,4,14.48822221,0.03275480882007980000,-0.00291198900561240000
1927,5,15.00234706,0.00550595238095219000,-0.00854519837726520000
1927,6,15.12033348,0.04408239743992870000,0.02024060703456860000
1927,7,15.82080259,0.06343623305218560000,0.00867997051952951000
1927,8,16.86286185,0.05453647243787830000,-0.00294805485887994000
1927,9,17.81872371,-0.01730614757064620000,-0.00291542754571372000
1927,10,17.53723785,0.03252930025921440000,0.00864418104819697000
1927,11,18.13130143,0.02720789370848010000,0.00284668372737773000
1927,12,18.64662402,0.00771620847651766000,0.00284599204491620000
1928,1,18.80612857,0.00334349969809478000,0.01258516371598110000
1928,2,18.86885052,0.05749615088529620000,0.00089973596960879500
1928,3,19.9434178,0.06665159817351580000,0.00092049214439904300
1928,4,21.25790925,0.02836460830736050000,-0.00487818046371435000
1928,5,21.83273218,-0.04004385964912290000,0.00681557460806759000
1928,6,20.91342158,0.01093892393971260000,0.00098274306252665900
1928,7,21.08190544,0.03593989213639540000,0.00100348751624169000
1928,8,21.7621315,0.06135627743326900000,-0.01054830538792670000
1928,9,23.00464945,0.02955653156616970000,0.00686499655647199000
1928,10,23.57834424,0.07084606481481460000,0.00106570338911816000
1928,11,25.12198457,0.01286329923295270000,0.00694074284473456000
1928,12,25.30159103,0.07696184305255580000,0.00110716611302686000
1929,1,27.08319962,0.00814561544650050000,0.00515433623561701000
1929,2,27.1316728,0.02654473554127560000,0.01104798444970960000
1929,3,27.67574844,0.00291747233578521000,0.01106394943177210000
1929,4,27.56845447,0.01201019173492160000,-0.00081472874513000000
1929,5,27.69858688,0.01607427462741890000,-0.00079894302193650500
1929,6,27.93546783,0.07940848152610000000,-0.00655937381757110000
1929,7,29.93328941,0.05960323033707860000,0.00504092376161025000
1929,8,31.48031325,0.04246954595791810000,0.00502203716954619000
1929,9,32.5637886,-0.10322151224707100000,0.00500315502513593000
1929,10,28.96106716,-0.26187924258663800000,0.00498427733697415000
1929,11,21.171036,0.04984071424804700000,0.01080822623061530000
1929,12,22.00737318,0.02422112914685460000,0.01082341568763550000
1930,1,22.31072429,0.07264657788495410000,0.00828599344619319000
1930,2,23.69711775,0.04738526258732350000,0.00832444582308822000
1930,3,24.58660779,0.06060428235621740000,-0.00349978402162821000
1930,4,25.84343686,-0.05093006626785100000,0.00833157052823275000
1930,5,24.30976063,-0.09232126695707530000,0.00837043870445076000
1930,6,21.86689933,-0.00576062614771378000,0.01448448734657170000
1930,7,21.54879759,-0.00294943259758063000,0.00848604956653065000
1930,8,21.30060224,-0.00260765283355646000,-0.00362426709197161000
1930,9,21.07258179,-0.12845884737655700000,0.00849317509879355000
1930,10,18.21487015,-0.06230809015679440000,0.00853378223633583000
1930,11,16.93971138,-0.04439262232387340000,0.02110372420243100000
1930,12,16.05500186,0.04852211057449910000,0.01503770278804150000
1931,1,16.70547873,0.09509148577441540000,0.01314144695723800000
1931,2,18.16149244,0.03030274796263190000,0.00683729895973806000
1931,3,18.57956103,-0.08499453471468270000,0.00690563310372627000
1931,4,16.87231533,-0.07979675441705350000,0.01355603361110180000
1931,5,15.40154,-0.01397753058234720000,0.01375638426902650000
1931,6,15.06247607,0.03849254986782040000,0.00053143658397547500
1931,7,15.5167501,-0.02492847173761350000,0.00055820052337107700
1931,8,15.0062766,-0.13805675459632300000,0.00725552504913640000
1931,9,12.81774526,-0.12173932159734900000,0.00732722583930401000
1931,10,11.14592641,0.03431678004535170000,0.01425258623680730000
1931,11,11.4156003,-0.17549474600181900000,0.00751906957825010000
1931,12,9.306032868,0.01204041416719150000,0.02168547045921310000
1932,1,9.312406455,0.01343801446922430000,0.01989318090524560000
1932,2,9.336932251,0.01836052768616560000,0.01278986022798010000
1932,3,9.413065028,-0.22699162703735300000,0.01281939793001170000
1932,4,7.192233196,-0.10055758635919800000,0.02024275319826830000
1932,5,6.39085729,-0.11788059143802700000,0.01293472061089520000
1932,6,5.565059372,0.06137840670859540000,0.00551907917176964000
1932,7,5.838763672,0.52429353638402200000,0.01294525621364850000
1932,8,8.834653205,0.11159838258904700000,0.01297873318172970000
1932,9,9.761168564,-0.12590934054264000000,0.01301305111893130000
1932,10,8.478606608,0.00388107727556486000,0.01304822898435340000
1932,11,8.463309567,-0.01928428347138740000,0.01308428631551250000
1932,12,8.257073999,0.06184926913546550000,0.02097489629904280000
1933,1,8.728046163,-0.09874448874426640000,0.01990878630358580000
1933,2,7.826051751,0.01122910052910030000,0.01205297353873050000
1933,3,7.874681323,0.11235955056179800000,0.00407185902629714000
1933,4,8.723101646,0.29311804547653600000,0.00405966659943058000
1933,5,11.24965125,0.16652167351685300000,-0.00385841042368773000
1933,6,13.09887552,0.05145967570109280000,-0.02662228109686160000
1933,7,13.75430449,-0.05367679466076640000,-0.00358314003666094000
1933,8,12.99952705,-0.00488128709778202000,0.00401090725730535000
1933,9,12.92292061,-0.09380907372400730000,0.00399872001925550000
1933,10,11.69625357,0.02796684118673620000,0.00398653382266256000
1933,11,12.01176619,0.02317655078391280000,0.00397434866876112000
1933,12,12.28180162,0.06085590103644250000,0.00396216455878751000
1934,1,13.02511983,0.06939457276968520000,-0.00260998475922847000
1934,2,13.9269229,-0.04797924028268550000,0.00492614113675627000
1934,3,13.25453763,0.02019941030415890000,0.00490628756742839000
1934,4,13.51838928,-0.09825854700854700000,0.00488643950806877000
1934,5,12.18158324,0.00944214959859213000,-0.00263240748496230000
1934,6,12.28772648,-0.04354627766599580000,0.00484675996472284000
1934,7,11.74152423,-0.03513991552270350000,0.00482692850353450000
1934,8,11.31502598,-0.03448845884507630000,-0.00996947244029367000
1934,9,10.90995408,0.01958686464242000000,0.01223015101678990000
1934,10,11.10835261,0.03211545623836120000,0.00476746749923129000
1934,11,11.44880869,0.01813960090850110000,0.01224577518238060000
1934,12,11.63933757,-0.01071576038622780000,-0.01004755486814170000
1935,1,11.49590797,-0.03329602244959080000,-0.00398838310391969000
1935,2,11.08781216,-0.05929844097995540000,0.00332607095258930000
1935,3,10.3982724,0.07151549074600600000,-0.00395350178738596000
1935,4,11.10421021,0.08262659476401170000,0.00330775069378619000
1935,5,11.98557668,0.04931311997005450000,0.01062193859043400000
1935,6,12.53951932,0.05599472990777340000,0.00328943215537647000
1935,7,13.20213794,0.07104851330203440000,0.00328027353226146000
1935,8,14.10505685,0.02433304016417460000,0.00327111534037594000
1935,9,14.4188917,0.02993109388458250000,0.00326195758009762000
1935,10,14.82623263,0.08922506727620520000,-0.00401714757610727000
1935,11,16.12960516,0.00300357873210633000,0.00324364335587535000
1935,12,16.15919271,0.05828220858895720000,0.00323448689268857000
1936,1,17.08735985,0.06038032945736440000,0.00199055260477521000
1936,2,18.10453646,0.03164522035768940000,0.00930647697090303000
1936,3,18.6604782,0.00424330978017062000,0.00199477123174319000
1936,4,18.71899967,-0.05010454189068100000,0.00199688053883751000
1936,5,17.75019252,0.03825776666906670000,-0.00526187240355591000
1936,6,18.39300107,0.05481387524425660000,-0.00520754186075734000
1936,7,19.36046451,0.01577495715509890000,-0.00515395733995982000
1936,8,19.62306016,0.01454526360008400000,0.00200531772463797000
1936,9,19.86202424,0.05569401349948100000,0.00200742701044754000
1936,10,20.91309185,0.03119860371028200000,0.00200953629200273000
1936,11,21.49976534,-0.01382488479262690000,0.00201164556930422000
1936,12,21.12566355,0.02729484866373450000,-0.00509272568844421000
1937,1,21.61874158,0.03306803107826430000,0.00310372910144818000
1937,2,22.24422155,-0.00471201032811996000,-0.00396824383031247000
1937,3,22.04219702,-0.06270898808212240000,-0.00392670712696896000
1937,4,20.55657946,-0.04737307302893730000,-0.00388585701879773000
1937,5,19.47417469,-0.03323076923076940000,0.00307205904369678000
1937,6,18.71165996,0.05647764529499950000,-0.00385354152773687000
1937,7,19.64672328,0.01424931100382200000,0.00305622565297892000
1937,8,19.80698258,-0.14364979023802100000,-0.00382188453190269000
1937,9,16.84788286,-0.14091858037578300000,0.00304039335655459000
1937,10,14.36165957,-0.07625987494851920000,0.00994994298210750000
1937,11,13.15811917,-0.00324487433862441000,0.00999001050437465000
1937,12,13.00848303,0.04685462794918350000,0.01714364199502620000
1938,1,13.51146192,-0.01111243245898420000,0.01071047577120040000
1938,2,13.26307624,-0.06023550724637680000,0.00358007127831672000
1938,3,12.37728623,-0.04133936882692860000,-0.00350002821961781000
1938,4,11.78951772,0.02264945643210050000,0.01067203361876760000
1938,5,11.99227593,0.02922511690046760000,0.00354190367354645000
1938,6,12.28896631,0.20464685765589300000,0.00352918369507393000
1938,7,14.77032802,0.01039397467320270000,0.00351646499749747000
1938,8,14.90358851,-0.04102355808285970000,0.00350374758242222000
1938,9,14.28233051,0.12378571428571400000,0.01065882453325260000
1938,10,16.06114764,0.00433894844308336000,0.00347831660620956000
1938,11,16.1495718,-0.02582249426166790000,0.00346560304829380000
1938,12,15.75648444,-0.01160143814026790000,0.00345289077932343000
1939,1,15.59963441,0.00260591750599493000,0.01028792287457580000
1939,2,15.66469693,0.00268817204301075000,0.00306182693046608000
1939,3,15.72922374,-0.11602862255481100000,0.01032056712676540000
1939,4,13.91699458,0.04098697291474300000,0.00304232129169479000
1939,5,14.5029295,0.02174235678242780000,0.00303256929181273000
1939,6,14.83382892,0.02843394575678060000,0.00302281783895242000
1939,7,15.2709526,-0.01060347281525780000,0.00301306693362724000
1939,8,15.12008234,0.08699927480118520000,-0.01833717952101540000
1939,9,16.45283558,0.02120762948875710000,0.01015780653027230000
1939,10,16.82120481,-0.01395348837209290000,0.00298381750802257000
1939,11,16.59923851,-0.01960010523546440000,0.00297406879799822000
1939,12,16.2804129,0.00572411690695995000,0.01017989129016340000
1940,1,16.37848034,-0.00938507970383284000,-0.00339824140992273000
1940,2,16.21611985,-0.00143207855973837000,0.00375551348402148000
1940,3,16.17290631,0.01424325788751730000,0.00373947443048928000
1940,4,16.37098871,-0.13336502988318400000,0.00372343825856647000
1940,5,14.13874769,-0.08741011856082440000,-0.00341108726089090000
1940,6,12.8437656,0.04617065833210220000,0.01086059868251210000
1940,7,13.36988476,0.02655432932932910000,0.00367534707955319000
1940,8,13.64939939,0.04763071895424860000,0.00365932248120648000
1940,9,14.2148426,0.01465976795233610000,0.00364330078807917000
1940,10,14.32829032,0.02850264057160620000,0.00362728200491835000
1940,11,14.63668925,-0.04273620207813900000,-0.00350654426165153000
1940,12,13.90842612,0.00722802310857884000,0.00359525318752629000
1941,1,13.90415827,-0.05721432069510260000,-0.00219645693943449000
1941,2,13.0029433,0.00467110041441754000,-0.00918029855336833000
1941,3,12.95571982,-0.03224787773365660000,-0.00908823380880053000
1941,4,12.42937039,-0.02268270102149620000,-0.00899686908003150000
1941,5,12.03720651,0.01984547795788520000,-0.02239045978703470000
1941,6,12.16430659,0.05714935963114760000,-0.00198043319614027000
1941,7,12.74499628,-0.01264821307089490000,-0.01533410852664260000
1941,8,12.46317372,-0.00470797577581572000,-0.01511412043057180000
1941,9,12.27972927,-0.04693865299266430000,-0.01489877762198070000
1941,10,11.57781496,-0.04703333008547920000,-0.00828977053557034000
1941,11,10.91166869,-0.06485925109879390000,-0.00820517684705446000
1941,12,10.08659331,0.01302585428603290000,-0.01443883665909550000
1942,1,10.10168643,-0.03102560946366720000,-0.00436488674172486000
1942,2,9.680255592,-0.05959176300578030000,-0.01054728239282640000
1942,3,9.003426618,-0.04063336826173030000,-0.00424533374460767000
1942,4,8.544255708,0.00610301635991850000,-0.01031538848928130000
1942,5,8.50611626,0.05737704918032800000,0.00197952765484977000
1942,6,8.905456929,0.03732021595223480000,-0.00412941049613824000
1942,7,9.150488901,-0.00574105569584749000,-0.00409168926127523000
1942,8,9.012823048,0.01649204501358150000,0.00198161975669109000
1942,9,9.077829839,0.06665988299897910000,-0.01001747110537410000
1942,10,9.599176749,0.01537911301859780000,-0.00398117011961063000
1942,11,9.661334152,0.00449254262916843000,-0.00394518584620429000
1942,12,9.617514103,0.06503851540616230000,0.00198440922357235000
1943,1,10.15053422,0.06433762801453580000,0.00198510658989282000
1943,2,10.708983,0.02200446334689370000,-0.01549069262457580000
1943,3,10.85054174,0.02593561695514790000,-0.00953058490003933000
1943,4,11.03922714,0.03766983016983020000,-0.00373844244746568000
1943,5,11.3622158,0.02179702831511080000,0.00198789605357441000
1943,6,11.51674479,0.03063682574174350000,0.00774714855368752000
1943,7,11.77421334,-0.03984850740680080000,0.00778113639592615000
1943,8,11.2105459,0.01965967612445920000,-0.00376857500062933000
1943,9,11.33628194,-0.00498100500416987000,0.00199068551469672000
1943,10,11.1873355,-0.04204077581369260000,0.00199138287957767000
1943,11,10.63103367,0.01772580170638420000,0.00199208024429876000
1943,12,10.73736032,0.03668215011614380000,0.00199277760885974000
1944,1,11.05241276,-0.00241443741209568000,0.00287216084451369000
1944,2,10.94791889,0.03242707448314940000,0.00286487559941895000
1944,3,11.2246932,-0.01870208807556100000,-0.00287302423583580000
1944,4,10.93827519,0.02205401597981480000,0.00285030574862333000
1944,5,11.10373694,0.04547215439519150000,-0.00285495056782470000
1944,6,11.53278527,0.02439094261545830000,-0.00283000187438087000
1944,7,11.73877475,-0.01053418589743600000,0.00282845257311948000
1944,8,11.54171167,-0.01223002862347120000,0.00282116860872383000
1944,9,11.32856058,0.02883597883597890000,0.00281388485829326000
1944,10,11.58310519,-0.00284017557449012000,0.00280660132197519000
1944,11,11.4784592,0.02023698925485080000,-0.00283438603378972000
1944,12,11.63868359,0.03386344147582700000,0.00279203489226787000
1945,1,11.96046344,0.03735277365950050000,0.00330041961519645000
1945,2,12.34175355,0.00316834050693471000,0.00328887398421851000
1945,3,12.32331031,0.02901411821009820000,0.00327732929547642000
1945,4,12.63186724,0.03578926915272620000,-0.00233905124074874000
1945,5,13.03656063,0.01058217331116440000,-0.00783143949136511000
1945,6,13.13022336,-0.01693542633090340000,0.00324270089330692000
1945,7,12.86702844,0.00708540257104184000,0.00323115998415680000
1945,8,12.91537856,0.07181389076196920000,0.00321962002257359000
1945,9,13.79826495,0.04513888888888880000,0.00320808100962711000
1945,10,14.37466268,0.03606060606060590000,0.00319654294638894000
1945,11,14.84770266,0.01464072898932070000,-0.00232699969262828000
1945,12,15.02034747,0.04302109540296220000,0.00317346967333010000
1946,1,15.62316318,0.01144591251177830000,0.00691226889804430000
1946,2,15.76166653,-0.03738446821357530000,-0.00956003039787401000
1946,3,15.13487342,0.06189079590267620000,-0.00405399649929261000
1946,4,16.04084239,-0.00025298610507595900,-0.00402032792232521000
1946,5,16.01372317,-0.01404577387590900000,-0.00931324831300073000
1946,6,15.77318688,-0.07960155757883820000,-0.05423224500164110000
1946,7,14.50813611,-0.03570115863525410000,-0.01842438447962380000
1946,8,13.98493931,-0.15259914700343400000,-0.00840804266834461000
1946,9,11.84126754,-0.03755564720650470000,-0.01784398802237820000
1946,10,11.38760296,-0.02356613182674210000,-0.02208922409957570000
1946,11,11.11004366,0.02436161286747820000,-0.00789303840686273000
1946,12,11.37277943,0.00921641881471702000,0.00142679332580897000
1947,1,11.46929633,0.04271678172255090000,0.00046994295260161000
1947,2,11.94956531,-0.05430321946708270000,-0.01778947820071720000
1947,3,11.2879031,-0.03290823988566430000,0.00049846778592588200
1947,4,10.90082513,-0.01354642123287640000,0.00051272853436179500
1947,5,10.73367427,0.03456003550145790000,-0.00402086177382666000
1947,6,11.08271586,0.05737981917227210000,-0.00847263840402057000
1947,7,11.69644655,-0.02866201648700040000,-0.01278523593232990000
1947,8,11.33747236,-0.04288416108892520000,-0.02118175609379490000
1947,9,10.82746302,0.03036004316069050000,0.00058401564716015200
1947,10,11.13266204,-0.01150743239141290000,-0.00373332448828412000
1947,11,10.97540732,-0.02381072322133230000,-0.01221584291986420000
1947,12,10.68091253,-0.02117986432198880000,-0.01203938704578060000
1948,1,10.41934266,-0.03633472310296860000,0.01152324389774280000
1948,2,9.999761169,0.02356362773029460000,0.00726488385214075000
1948,3,10.18668061,0.06369365928189420000,-0.01388652244916230000
1948,4,10.77948448,0.04889374920755670000,-0.00123490555866246000
1948,5,11.2410327,0.03719259706503290000,-0.00537020683718248000
1948,6,11.58389576,-0.03159179915677390000,-0.00938676115137338000
1948,7,11.13462174,-0.02883133121214400000,-0.00115762301633715000
1948,8,10.72355666,-0.00674404015056473000,0.00292746294034019000
1948,9,10.55301369,0.03621973905023460000,0.00702925644820906000
1948,10,10.82540981,-0.04306215617911960000,0.01119891904946500000
1948,11,10.24809621,0.00267172154392648000,0.00706329260626570000
1948,12,10.15965294,0.02061998818210100000,0.00707206739079980000
1949,1,10.24828576,-0.02506054687500030000,0.01027012703641380000
1949,2,9.872517141,0.01500789889415490000,0.00185190670817148000
1949,3,9.901332491,0.00000872866207024536,-0.00233924779495009000
1949,4,9.783639868,0.00244073085916674000,0.00606276915517734000
1949,5,9.692295086,-0.05303163270505760000,-0.00233785883759230000
1949,6,9.067718943,0.07164171693009020000,0.01030916630572420000
1949,7,9.605038093,0.03736485946004420000,-0.00235408275303028000
1949,8,9.851348638,0.01448609085344900000,-0.00233577540276431000
1949,9,9.884048362,0.04030289197967200000,0.01031127614959160000
1949,10,10.16985084,0.01536475361069510000,-0.00235199935595065000
1949,11,10.21586101,0.04133920398952130000,0.01034850686151030000
1949,12,10.5293309,0.03071770991449930000,0.00612210994932783000
1950,1,10.7457333,0.02527646129541880000,0.00009122091804414370
1950,2,10.91156407,0.00950435300721875000,-0.00412733346303185000
1950,3,10.91094652,0.03390970220941370000,0.00012962169121344400
1950,4,11.1780216,0.03480618468272460000,-0.00407121890674855000
1950,5,11.4615431,0.01739915054959050000,-0.00403437420781327000
1950,6,11.55412614,-0.07865674897520260000,-0.01226325913214430000
1950,7,10.53974566,0.05780510745050150000,-0.00802575831071295000
1950,8,11.04061167,0.03701477900429650000,-0.00387370550601762000
1950,9,11.3373911,0.03890173382079730000,-0.00788730750627320000
1950,10,11.66244404,-0.00010834289277061900,-0.00378570626255281000
1950,11,11.54217339,-0.00988250126071588000,-0.01172027304992210000
1950,12,11.30666579,0.06318594471577140000,-0.01545049107899020000
1951,1,11.89575984,0.03097622716690760000,-0.01034846186757370000
1951,2,12.14150737,-0.01489370448672790000,-0.00253286941940867000
1951,3,11.84162649,0.01931472491909390000,0.00135631524446445000
1951,4,11.9510972,0.00245071671645580000,-0.00250196680968007000
1951,5,11.86387541,-0.01139990880072970000,0.00137229381834936000
1951,6,11.61566486,0.02361434648105190000,0.00138028278927593000
1951,7,11.77819009,0.04960225718194260000,0.00138827154971843000
1951,8,12.25698908,0.02340640756753800000,-0.00627727446033011000
1951,9,12.44495316,-0.00366359749079925000,-0.00241790518026797000
1951,10,12.3094579,-0.03006861827824490000,-0.00617421976805832000
1951,11,11.85203062,0.03208793399965090000,-0.00235871975381308000
1951,12,12.14707257,0.03835017086715100000,0.00142821219973666000
1952,1,12.52705975,-0.00580562375595406000,0.00875978713144976000
1952,2,12.36411935,0.00750877192982458000,0.00115757002882133000
1952,3,12.36233909,-0.00173074190031308000,-0.00262367162311117000
1952,4,12.24272868,0.00463352990732946000,0.00117969705710896000
1952,5,12.20047876,0.02858733074127960000,-0.00258731856207339000
1952,6,12.44788158,0.02592547359279160000,-0.00629781714859046000
1952,7,12.66911289,0.00880515683147243000,0.00121288362929195000
1952,8,12.67837824,-0.01108684140852520000,0.00122394476327026000
1952,9,12.43467802,-0.01615324858757050000,0.00123500536970012000
1952,10,12.13118356,0.03662864111019500000,0.00124606544907491000
1952,11,12.47346977,0.04504594486616060000,0.00125712500188890000
1952,12,12.93396431,0.01368520668029500000,0.00503235013400638000
1953,1,13.01077345,-0.00399051558873964000,0.00867321325323855000
1953,2,12.85934688,0.00577538684297729000,0.00108273832069994000
1953,3,12.83481934,-0.04471806464024630000,-0.00272903008858993000
1953,4,12.16390145,0.00625576563290231000,-0.02013120714438150000
1953,5,12.14197079,-0.03468091306751290000,-0.00629438408842586000
1953,6,11.62440789,0.01913709116214330000,0.01806608863627620000
1953,7,11.75020165,0.00523772282768675000,-0.00299624484016325000
1953,8,11.7150762,-0.04106874402077340000,0.00935548927068419000
1953,9,11.13934936,0.03136860897568530000,0.01689840991763040000
1953,10,11.39193477,0.03093550953561850000,0.00419594966349890000
1953,11,11.64407027,0.01840136054421750000,0.01009687354232440000
1953,12,11.75444918,0.03026134380453780000,0.01182002229719450000
1954,1,12.00265055,0.02678492406389090000,0.00294542265046482000
1954,2,12.21505249,0.02584550345887780000,0.01088810791565060000
1954,3,12.4201053,0.04838149029504350000,0.01283116910063890000
1954,4,12.90786818,0.04032337791698690000,-0.00885379307477896000
1954,5,13.31204224,0.01221139343311290000,0.00109244593924562000
1954,6,13.3578859,0.04459216735727420000,0.00907092574748103000
1954,7,13.83300956,0.02396097466533910000,-0.00338374013889753000
1954,8,14.04211235,0.03124984822066050000,0.00393365391286382000
1954,9,14.35647414,0.02716833598304190000,-0.00241887288828002000
1954,10,14.61923194,0.04308232338926850000,-0.00236667680175517000
1954,11,15.1173117,0.05352236140231440000,0.00317864512620902000
1954,12,15.789062,0.02170114860356500000,-0.00663725652978919000
1955,1,15.99078106,0.03706303838951300000,-0.00130990744159909000
1955,2,16.43772822,-0.00434900788257675000,-0.00040160855843773800
1955,3,16.21928295,0.03808979452054810000,-0.00383624260148563000
1955,4,16.68526663,-0.00077977136299434100,0.00142499735638024000
1955,5,16.51805783,0.06145833333333340000,0.00056831162123294200
1955,6,17.37009196,0.07245947932847070000,-0.01171576556812260000
1955,7,18.45403191,-0.00296062700085897000,-0.00358974772369736000
1955,8,18.22232646,0.04430038716731780000,-0.00125167286245353000
1955,9,18.84396065,-0.04723599834611360000,0.01023061282946090000
1955,10,17.77232579,0.07067468139001030000,0.00153867470642366000
1955,11,18.83555929,0.01616168324119080000,0.00011697461739612600
1955,12,18.94236904,-0.02382264345015060000,0.00763216324392646000
1956,1,18.29258539,0.00955077387693470000,0.00759691848300936000
1956,2,18.26611682,0.07211718808612800000,-0.00793493165009063000
1956,3,19.3712101,0.01109587565946860000,-0.01988095740847520000
1956,4,19.37059363,-0.03194303625338850000,0.00829569473805725000
1956,5,18.54450659,-0.00991240931267223000,0.00114035057018591000
1956,6,18.15816385,0.04979359067191050000,-0.01412530788979290000
1956,7,18.8567976,0.00082819063538597200,-0.01236238300760050000
1956,8,18.67093711,-0.03440245787753650000,-0.00507733416855927000
1956,9,17.8366408,-0.01319677832983980000,0.00253049065825084000
1956,10,17.41895295,-0.00718474264705926000,-0.00977527372001064000
1956,11,17.12033974,0.01434033584169450000,-0.00902837093292130000
1956,12,17.19752273,-0.01863215977605500000,0.01389115871121520000
1957,1,16.71778008,-0.04342964341538640000,0.00934437169469082000
1957,2,15.84373314,0.01254351935980540000,-0.00668542301814046000
1957,3,15.90041711,0.02276130834005620000,-0.00659517148169486000
1957,4,16.12370436,0.03788191691771050000,-0.01064120294220030000
1957,5,16.59811079,0.01591356426208420000,-0.01701387608305840000
1957,6,16.72991887,0.01600732723226050000,-0.01450966653248420000
1957,7,16.86888238,-0.05203394489108770000,0.00327499999999992000
1957,8,15.86894273,-0.03737638161721930000,0.00409554935310141000
1957,9,15.15727449,-0.05894724874943140000,-0.00082652620230194700
1957,10,14.14945149,-0.02144196003697560000,0.02040901558005910000
1957,11,13.73624224,0.00320115654688125000,0.04636650080759730000
1957,12,13.67324606,0.01611750927805970000,0.00582999392753680000
1958,1,13.78843155,0.00700524886511045000,0.00599424058387998000
1958,2,13.78490639,0.01706362430656560000,0.00154144529587463000
1958,3,13.92558992,0.00544710138794535000,0.00760206264853802000
1958,4,13.91350177,0.03555213745866780000,-0.00104039401733469000
1958,5,14.32382497,0.02732646834477490000,-0.00185696265978386000
1958,6,14.63555555,0.02715347075065800000,-0.02043606090833370000
1958,7,14.9574571,0.04414348447973730000,-0.02236153658246190000
1958,8,15.54456689,0.02943745632424880000,-0.01523752390441400000
1958,9,15.93192318,0.04360135825163390000,-0.00016730893762340000
1958,10,16.55980331,0.02971034465838710000,0.00465522901240267000
1958,11,16.98888358,0.02516998956445350000,-0.00332071391694899000
1958,12,17.35835737,0.03896225973057570000,-0.01326538352425630000
1959,1,17.98033934,-0.00922387279890247000,0.01175292459634500000
1959,2,17.75916926,0.02807193719189320000,0.00084637202041881700
1959,3,18.20087185,0.01585913006148300000,-0.01066656085389460000
1959,4,18.43075305,0.01766393753648550000,-0.01187701758838360000
1959,5,18.69272144,-0.00946865041815004000,-0.00226287409553760000
1959,6,18.4485914,0.03871598869851110000,-0.00461863892295356000
1959,7,19.09053398,-0.00317580348175417000,0.00126262761010421000
1959,8,18.95880364,-0.04030961875102970000,-0.01947034826900500000
1959,9,18.12329056,-0.00163020707260397000,0.01240949711085530000
1959,10,18.02196244,0.00670077485380127000,0.00377500000000008000
1959,11,18.07178913,0.03464092259304570000,-0.00889375419634164000
1959,12,18.62472898,-0.01144359383469600000,0.00495442901880683000
1960,1,18.33828499,-0.03931856885151690000,0.01883603209684080000
1960,2,17.54527511,-0.01072666427632350000,0.02313490820237600000
1960,3,17.28602072,0.01240421572432830000,-0.00227274968724422000
1960,4,17.42976695,-0.00624040014354921000,-0.00206355167752859000
1960,5,17.25617058,0.03637278282447600000,0.01641573807216210000
1960,6,17.82336382,-0.02196122947956680000,0.02399121832883330000
1960,7,17.37680647,0.01490866762177650000,0.01150160567739180000
1960,8,17.58211304,-0.02720757388072950000,0.00316666666666676000
1960,9,17.05201547,-0.02333870882817870000,-0.01091165187389180000
1960,10,16.60510454,0.03540852410199120000,-0.00003900014091751110
1960,11,17.14608845,0.02690643591130340000,0.01068757556990610000
1960,12,17.56209083,0.05426448063380310000,0.00320000000000009000
1961,1,18.47041699,0.04373650647465950000,0.00815559559156376000
1961,2,19.2340145,0.03396600718460150000,0.00645991867803941000
1961,3,19.84422527,0.02919006030359730000,-0.00018706372770904700
1961,4,20.38284298,0.01263355106587680000,0.00895049828154693000
1961,5,20.59860684,-0.01080200501253110000,-0.01088373481643250000
1961,6,20.33241455,-0.00693577644010979000,-0.00671520498521183000
1961,7,20.14664374,0.04187109282367500000,-0.00320236081561809000
1961,8,20.94168848,-0.00872416449492708000,0.00491528892806770000
1961,9,20.70524304,0.01345524829021700000,0.00823996278527517000
1961,10,20.92419014,0.04774509803921560000,0.00162709806957229000
1961,11,21.85795772,0.01165353592196580000,-0.00649924335621688000
1961,12,22.0414802,-0.03486354660347550000,0.00175442018632666000
1962,1,21.1979314,0.01571727512220990000,0.00331949710284585000
1962,2,21.45168775,0.00341782967815440000,0.01238850038752350000
1962,3,21.44315857,-0.03265528591420530000,0.00734092796868135000
1962,4,20.65833645,-0.07184260347783490000,0.00073260099967131800
1962,5,19.0893675,-0.11411864317087400000,-0.00005872900939107860
1962,6,16.82757124,0.02379353418893930000,-0.00819692679908568000
1962,7,17.14132566,0.03024008249956120000,0.00579643814674502000
1962,8,17.57126263,-0.00919388782962183000,0.00001628289473676330
1962,9,17.32146115,-0.02853926724137910000,0.00741750017614695000
1962,10,16.73982097,0.07203330662868650000,0.00409554935310141000
1962,11,17.85438649,0.04626082611592270000,0.00820376952068691000
1962,12,18.58583612,0.04147598712217950000,0.00568867986069366000
1963,1,19.25923169,0.01596389230453930000,-0.00419327751124610000
1963,2,19.46919131,-0.00434970024935011000,-0.00084020987117949800
1963,3,19.28806461,0.04980289071620740000,0.00000044570482526929
1963,4,20.15007724,0.02271588375024240000,0.00658900014091746000
1963,5,20.50758586,-0.00108901400435968000,-0.00489489564557044000
1963,6,20.38414999,-0.01543247697777870000,-0.00238538041279290000
1963,7,19.96923189,0.03031546498721130000,0.00498499014622533000
1963,8,20.4726379,0.02894007701699990000,-0.00318231925469337000
1963,9,20.96036009,0.00176247340796931000,-0.00228983380435543000
1963,10,20.8913446,-0.00303908211237380000,0.00261205678796128000
1963,11,20.72039934,0.02064655399076100000,-0.00062395955377847500
1963,12,21.03859938,0.03332060356837880000,0.00019743863749144300
1964,1,21.6272162,0.01481723348593840000,0.00509862151503726000
1964,2,21.83267083,0.02072834560882100000,-0.00220590489146888000
1964,3,22.16724559,0.01694867808798660000,0.00270786507260090000
1964,4,22.42219217,0.01222096780919020000,0.00595478462254428000
1964,5,22.57433077,-0.00670397870775929000,0.00268822530890755000
1964,6,22.30028804,0.03628824138516930000,-0.00136700521924005000
1964,7,22.98435185,-0.00905030841945043000,0.00672873655913975000
1964,8,22.65040729,0.01639609965231470000,-0.00054231857769415600
1964,9,22.89222198,0.01972185589257870000,0.00431030423094136000
1964,10,23.21215468,0.00615389651924714000,0.00351218242207252000
1964,11,23.22501979,-0.01488373907615480000,0.00102629184091119000
1964,12,22.75298477,0.02822442234397360000,0.00267302910239198000
1965,1,23.26933508,0.00976673053104182000,0.00187256181263940000
1965,2,23.37206827,0.00016609735662109800,0.00030223642172488900
1965,3,23.2535282,0.01236122735863090000,0.00111979573976240000
1965,4,23.42055195,0.01734492819521800000,0.00269044757298631000
1965,5,23.70880831,-0.05109883994600950000,-0.00284298523206783000
1965,6,22.38534299,0.00104526301348362000,0.00431826154084791000
1965,7,22.30078171,0.02120218466611720000,-0.00054025865327267400
1965,8,22.66597185,0.03597718426022280000,0.00031544703993513500
1965,9,23.37414683,0.02175354980765980000,-0.00440152950905548000
1965,10,23.77574552,0.01077798446219510000,-0.00438106105296987000
1965,11,23.92546116,-0.00523608509050633000,-0.01290950717077890000
1965,12,23.69411155,0.01982266797485370000,0.00464471834902347000
1966,1,24.05848339,-0.01050953707672520000,-0.01963203242958190000
1966,2,23.70002715,-0.04160038592671540000,-0.00223413468754441000
1966,3,22.61111258,0.02682752138410450000,0.00725797556690111000
1966,4,23.11369646,-0.05006065320232880000,0.00159274726480407000
1966,5,21.85217798,-0.00864844239773832000,-0.00147041972044804000
1966,6,21.55525338,-0.00287420225602897000,-0.01540852655684340000
1966,7,21.38170201,-0.06343858687855850000,-0.01732029842685980000
1966,8,19.91390386,-0.03222773300268640000,0.00744691423543808000
1966,9,19.16167625,-0.01169590712549330000,0.01139520578800360000
1966,10,18.82540937,0.05315340982756390000,-0.00744902337367270000
1966,11,19.71125121,0.00715108861176295000,0.02946352649981710000
1966,12,19.73647375,0.04131316857248280000,0.02472459318729060000
1967,1,20.43224213,0.03731004539175030000,-0.00015326651201452700
1967,2,21.07444316,0.02323677479927480000,0.00797017519536714000
1967,3,21.4438986,0.01684335641370600000,-0.00321448386113554000
1967,4,21.68602557,0.01750278378244730000,-0.01957300470508830000
1967,5,21.94847739,-0.01289149609702580000,-0.01219203730327210000
1967,6,21.55209761,0.01687656380883640000,-0.00963980977406431000
1967,7,21.80419625,0.01548213191648460000,-0.00791882798286170000
1967,8,22.03062705,0.01351952923547820000,-0.00012472130779273000
1967,9,22.21914549,-0.00199609947605894000,-0.01227034755248690000
1967,10,22.06819919,-0.03169066066909380000,-0.01871592224630580000
1967,11,21.26310297,0.02807570248151390000,0.00559741243258927000
1967,12,21.75159781,-0.00603027020706337000,0.01173527836130960000
1968,1,21.5115359,-0.04536055609703280000,-0.00060537791890980000
1968,2,20.42499238,-0.01845312387056330000,-0.01184265468822280000
1968,3,19.93471131,0.07350000943541100000,0.00942270622455821000
1968,4,21.27735602,0.02261582179886660000,-0.01542144856267450000
1968,5,21.63022714,0.02348502939705050000,0.01036688946198220000
1968,6,22.00462343,-0.00523325229155069000,0.01569957336849280000
1968,7,21.75353742,-0.02213004360727370000,0.00782217205955327000
1968,8,21.13776679,0.03213919720901660000,-0.00139422937894418000
1968,9,21.68027563,0.02136300060963860000,-0.01021328911535220000
1968,10,22.00460693,0.01499289818806290000,-0.00723648771913221000
1968,11,22.19552923,0.01001055669882670000,-0.02259694619713550000
1968,12,22.277873,-0.04254057428214740000,0.00145929422827829000
1969,1,21.19496807,-0.00795076131011041000,-0.01161497696618040000
1969,2,20.8957299,-0.02728099741186020000,-0.01122435260569580000
1969,3,20.20228762,0.01711593181656350000,0.00928318769169545000
1969,4,20.42860808,0.03229933935758230000,-0.00862072023272931000
1969,5,20.97225827,-0.05489809387483610000,-0.01830922561561020000
1969,6,19.71334158,-0.04725398111256800000,-0.01076748091506440000
1969,7,18.68170821,-0.00822038674721604000,0.00232284418155659000
1969,8,18.42951559,0.00357876956381609000,-0.03034831929618310000
1969,9,18.39804634,0.00803297982851015000,0.00481251692042650000
1969,10,18.44866203,0.00459100574632409000,-0.00226985210535346000
1969,11,18.43776008,-0.05531031946308860000,-0.03456970108332300000
1969,12,17.32692991,-0.00851719782393767000,-0.00591253367265709000
1970,1,17.0905414,-0.03705278004417560000,0.03982448622529120000
1970,2,16.37258679,0.01478484935129630000,0.01279622876519040000
1970,3,16.53169081,-0.03505196499683800000,-0.02421819221971320000
1970,4,15.87306782,-0.11428749205014400000,-0.03201529717254900000
1970,5,13.98383606,-0.00783598678200292000,0.00619312037712949000
1970,6,13.7996918,0.00007420836428617680,0.02780929817107090000
1970,7,13.72649974,0.03256148749779910000,0.00133640305162275000
1970,8,14.10045652,0.05779197266689010000,0.01091124954611260000
1970,9,14.84266115,0.01967580163254530000,0.00524932515687859000
1970,10,15.0641854,-0.00300971076375545000,0.03606199401363310000
1970,11,14.95076191,0.06618224010417540000,0.03347122482293920000
1970,12,15.87384069,0.04109753840459000000,0.01639580322140110000
1971,1,16.46179394,0.03889148478212330000,0.01230719519754640000
1971,2,17.03453478,0.02573904592729860000,0.03350469485920550000
1971,3,17.40290261,0.03415045885954470000,-0.00750408223084087000
1971,4,17.92411045,-0.01598923259614380000,-0.04097999731256820000
1971,5,17.56415328,-0.02323250811321020000,-0.01150916014449600000
1971,6,17.08316688,-0.00707803302974774000,-0.01216461399575100000
1971,7,16.88941471,-0.01758775394880170000,0.01402122795028180000
1971,8,16.51944944,0.02486116824352110000,0.03810330920287040000
1971,9,16.85679255,-0.02104182011383700000,0.01833676138018460000
1971,10,16.42886271,-0.04372094596909580000,0.01397088364432820000
1971,11,15.63871265,0.06641527621087610000,-0.00898495447476866000
1971,12,16.60355721,0.04422540418809450000,0.00344624801101601000
1972,1,17.2629968,0.01592595674461910000,-0.00952516132708836000
1972,2,17.46414761,0.02371739972324780000,0.00338086532591775000
1972,3,17.80564385,0.01014900828942490000,-0.00621857325632358000
1972,4,17.91516168,-0.01014407979237350000,0.00718156099480627000
1972,5,17.6626462,0.00275048299336378000,0.00417916121312700000
1972,6,17.64085732,-0.00978524225448618000,0.00029409307875916100
1972,7,17.39869003,0.03536840486925510000,-0.00467425453193193000
1972,8,17.94340469,-0.01444865292846300000,-0.02190328823300720000
1972,9,17.61385455,-0.00055589783012999200,0.00579159524366912000
1972,10,17.53318385,0.05007736360134610000,0.01772873372445320000
1972,11,18.33889471,0.02072468952828750000,-0.00299098036363299000
1972,12,18.64571944,0.00752769411980148000,-0.00435116205356778000
1973,1,18.71253047,-0.04000704389923130000,-0.01460646817298190000
1973,2,17.8898896,-0.02256226667691310000,-0.00876835227449824000
1973,3,17.41214206,-0.02308911334369950000,0.00154876453794639000
1973,4,16.93574007,-0.03234319206746840000,-0.01415462644727530000
1973,5,16.31433876,-0.02653731483982800000,-0.00467705552974551000
1973,6,15.80832305,0.00983098721847941000,-0.01280201694262270000
1973,7,15.88951857,-0.03378960220374270000,-0.03049736071323380000
1973,8,15.27850109,0.01770971874094160000,0.02592516317955050000
1973,9,15.4753086,0.03323845437655070000,0.01850165878958170000
1973,10,15.91351631,-0.07458904206896270000,0.00338989977707471000
1973,11,14.65184516,-0.07407467532467540000,-0.00163872000488929000
1973,12,13.49332969,0.00829207371577456000,-0.02070922987594470000
1974,1,13.53072189,-0.03710900645270530000,-0.00484367433748656000
1974,2,12.95732128,0.03263747571960640000,-0.02427855460504190000
1974,3,13.31036424,-0.05211533308246690000,-0.01902982257522130000
1974,4,12.55041105,-0.03905058710740450000,-0.01097412377518400000
1974,5,11.99543695,-0.00360983470002230000,0.00086658728058464100
1974,6,11.88849882,-0.12061923916338600000,-0.02031004235824460000
1974,7,10.39414181,-0.04916471231034350000,-0.02106551608016360000
1974,8,9.824195723,-0.11077374457104400000,-0.00523715415019754000
1974,9,8.680421306,0.01375605005594260000,0.00636049006976092000
1974,10,8.744983834,0.02938062607657390000,0.01388491473309620000
1974,11,8.948984513,-0.06815206700711680000,0.01601442395279310000
1974,12,8.289060056,0.08218642918118910000,-0.00253877211216247000
1975,1,8.920995508,0.09965942814703980000,0.00624058075713196000
1975,2,9.762246716,0.04577680413714380000,-0.02106950214511020000
1975,3,10.16379677,0.01104656528718740000,-0.03105282119720910000
1975,4,10.23307614,0.06112176545811530000,0.01269772341984730000
1975,5,10.81813912,0.02127976930000400000,0.01284618221280940000
1975,6,11.01135461,-0.00679794784960841000,-0.01806821764180520000
1975,7,10.90276705,-0.07167529467954350000,-0.01792358912556610000
1975,8,10.08976959,-0.01397447009102580000,-0.00053358522988267200
1975,9,9.918905357,0.04396668691026550000,0.02110476919466770000
1975,10,10.32759978,0.01302670051231950000,0.00559117103383389000
1975,11,10.43585946,-0.01536669343930350000,0.00648370416368360000
1975,12,10.25036842,0.09348572125951970000,0.02278550123979750000
1976,1,11.18505136,0.03805025673532470000,-0.00059167144900362800
1976,2,11.58609299,0.00622357091796277000,0.00883053424801417000
1976,3,11.6317544,0.00736954620681707000,0.01464801095720510000
1976,4,11.68916413,-0.01086629573501690000,-0.02398496366204970000
1976,5,11.53205359,0.00369567536974147000,0.00400133287973037000
1976,6,11.54384163,0.02128402130019260000,0.00331521935639523000
1976,7,11.75749049,-0.01077951919497260000,0.00538238748640008000
1976,8,11.597986,0.02084607826001240000,0.01545329373158010000
1976,9,11.80599095,-0.03605005918031580000,0.01366071809730940000
1976,10,11.34569614,-0.00532984209502185000,0.01288007214731660000
1976,11,11.24885586,0.03435322521494610000,0.03265658029899670000
1976,12,11.59758973,-0.01043619139748090000,-0.02334771971820180000
1977,1,11.43796135,-0.03356077616560540000,-0.01670300522069820000
1977,2,11.01484185,-0.00722260587403256000,-0.00546804886855012000
1977,3,10.89574651,-0.02012402163408430000,0.00409751996572094000
1977,4,10.63603741,-0.00428588171376043000,-0.00512653115642114000
1977,5,10.54848669,0.00239610377911825000,0.01218951817758060000
1977,6,10.53002396,0.00788226007109483000,-0.00238042028828656000
1977,7,10.56769245,-0.02394756877856500000,-0.00207162052187837000
1977,8,10.26838567,-0.01493272907520170000,0.00709347888678646000
1977,9,10.06774282,-0.02510507133545050000,-0.00966391017790036000
1977,10,9.7666663,0.00496746761945044000,-0.00276397399603689000
1977,11,9.766299984,-0.00396950040434152000,-0.00451547680019870000
1977,12,9.678266583,-0.04004835084203780000,-0.01838984603294470000
1978,1,9.241462261,-0.01597764152452930000,-0.00451322354518469000
1978,2,9.045263571,-0.00521047156948051000,-0.00192407538205142000
1978,3,8.950420078,0.04013140815000170000,-0.00858422592387065000
1978,4,9.262588721,0.04526149847110130000,-0.01590592948203520000
1978,5,9.634910729,-0.00404191725191672000,-0.01114012472742950000
1978,6,9.549678981,-0.00819746653113607000,-0.01248497756570170000
1978,7,9.425524048,0.06843417170210200000,0.01798770677003270000
1978,8,10.02397085,-0.00352276263324347000,-0.00122895877348128000
1978,9,9.941887473,-0.03641562573063340000,-0.01647745491645090000
1978,10,9.533608358,-0.05857178340687830000,-0.00844899614205352000
1978,11,8.928418902,0.01472636597109720000,-0.01014761187470600000
1978,12,9.011941819,0.03273788184942840000,-0.00715599237519471000
1979,1,9.257636919,-0.02198879692497520000,-0.00408188615533034000
1979,2,9.003740371,0.01318456061009550000,-0.00381056690114068000
1979,3,9.07078503,0.01274053573904870000,-0.00767027061237446000
1979,4,9.133063566,-0.03124176560299000000,-0.00950956238628220000
1979,5,8.79438329,0.01288243125040660000,0.01864731683830610000
1979,6,8.853937765,0.00315497510179208000,-0.00619481520292797000
1979,7,8.827498046,0.04022818435880700000,-0.00727683323115880000
1979,8,9.127165797,0.00455895127832617000,-0.02243323737548360000
1979,9,9.112758991,-0.04120087805549030000,-0.05990187328945530000
1979,10,8.681843307,-0.01238040467079770000,-0.02190170023151620000
1979,11,8.518784303,0.03318748043385590000,0.01423839438867570000
1979,12,8.745204405,0.01855555847017510000,-0.03014284847476070000
1980,1,8.850934181,0.02944101397217440000,-0.09538860969452690000
1980,2,9.054476092,-0.10140890668970800000,-0.02359379908573270000
1980,3,8.081150901,-0.02256576435317840000,0.07417549829684140000
1980,4,7.844024505,0.04012628213497280000,0.07924534419614910000
1980,5,8.104225807,0.05703300515673960000,0.02256459970291140000
1980,6,8.512077962,0.04972609802210610000,-0.02103861678807110000
1980,7,8.880865527,0.02762144598239960000,-0.04933191683297340000
1980,8,9.071005982,0.01981742015294640000,-0.02314174063896060000
1980,9,9.196040132,0.02351965098068450000,-0.01381999176439520000
1980,10,9.357841047,0.03760105161350190000,-0.05039510380206710000
1980,11,9.654043663,-0.02158414674863020000,-0.00766777002578856000
1980,12,9.389902085,-0.00792213755793758000,0.01770919840364500000
1981,1,9.259404531,-0.04060150375939860000,-0.03372696006150400000
1981,2,8.829899354,0.03439824348346440000,0.00798379782789138000
1981,3,9.081096884,0.00613959424491850000,-0.02598226750334700000
1981,4,9.085561231,-0.02381917859379990000,-0.01867830269604120000
1981,5,8.818483467,-0.00030686338105345700,0.03689285774864650000
1981,6,8.765340744,-0.03083243047097560000,-0.04218975597929430000
1981,7,8.445319468,0.00040857750926681600,-0.02955976482573190000
1981,8,8.399806317,-0.09185413134283550000,-0.01646287607082570000
1981,9,7.581163052,0.01511993338292970000,0.01927906119385250000
1981,10,7.649141713,0.02716356549128180000,0.10542027572150200000
1981,11,7.810752566,0.00858934352440155000,-0.00984668569176250000
1981,12,7.832562137,-0.05104956682776070000,-0.03711498085935870000
1982,1,7.388659973,-0.02222826762840440000,0.01733625861807410000
1982,2,7.181823451,-0.02639439939003290000,0.04376773041621250000
1982,3,6.950673794,0.05027011617777390000,0.00675129326765900000
1982,4,7.259072625,-0.00373031914798128000,0.01549144016418990000
1982,5,7.192612484,-0.06440407234208370000,-0.03665629449397730000
1982,6,6.692133988,-0.00269216737177536000,0.02537967540757920000
1982,7,6.6386531,0.00588657436861340000,0.05880591861381030000
1982,8,6.643422752,0.11868382957948000000,0.04981169512206420000
1982,9,7.3988382,0.08549220939464820000,0.09336084510978290000
1982,10,7.999840995,0.04713600704109820000,0.03327803002181160000
1982,11,8.347476938,0.01771294559656260000,0.01354221321644380000
1982,12,8.467738401,0.03714021363346090000,0.01163564182760670000
1983,1,8.756783224,0.02026463286182370000,-0.00813448944628103000
1983,2,8.910493437,0.03866371480472310000,0.02183570238395440000
1983,3,9.232829705,0.03458195291464760000,0.00833769005641072000
1983,4,9.531581284,0.03792940224395020000,0.00379379476023578000
1983,5,9.874456505,0.01447215766012700000,-0.02278151674999770000
1983,6,10.0001179,0.00305894837144827000,-0.02629837591325820000
1983,7,10.014476,-0.02698384667790180000,-0.02080186464315140000
1983,8,9.728056936,0.02801877008722190000,0.01653251630639300000
1983,9,9.984202458,0.00350463171317172000,0.01317017194304680000
1983,10,10.0033918,-0.01335308046632620000,-0.00114462160367501000
1983,11,9.853581649,-0.00225205898779934000,0.00060116639218277300
1983,12,9.815010904,0.00979352560873004000,0.01323341680182330000
1984,1,9.894931809,-0.05574003855387390000,-0.00505157986275140000
1984,2,9.324529646,0.00248152815935931000,-0.01945519750629370000
1984,3,9.326747067,0.00022057460774416200,-0.01203186221133490000
1984,4,9.305643405,-0.00539691071975001000,-0.03494859378807110000
1984,5,9.231831817,-0.02129953943346910000,0.00011612523757320600
1984,6,9.010185512,-0.01287937894360800000,0.01833320525195510000
1984,7,8.868302214,0.08789825884502480000,0.04309289595229980000
1984,8,9.623063257,0.00925254895145411000,0.01706281388298710000
1984,9,9.687341314,-0.00693626135127245000,0.02818219692199890000
1984,10,9.595070703,0.01288430420711980000,0.04484879348230870000
1984,11,9.691973222,-0.00705051112447386000,0.01377211494989260000
1984,12,9.595054801,0.04501280460680770000,0.01477118738666760000
1985,1,9.997001178,0.05290458414423640000,-0.00290994415359902000
1985,2,10.49493517,-0.00850471258300556000,-0.01448214145339020000
1985,3,10.37321721,0.00553425359589999000,0.03048553671082140000
1985,4,10.39711872,0.02353875374257310000,0.04077149174770130000
1985,5,10.60812047,0.02226354143001050000,0.04911999285227610000
1985,6,10.81004985,0.02058990380790650000,-0.00267949502433840000
1985,7,10.99756396,-0.02025637716049390000,0.00548823397863263000
1985,8,10.73879981,-0.02155310012460240000,0.00334941689187707000
1985,9,10.47123466,0.01122977242778830000,0.01297708478527240000
1985,10,10.55251698,0.06128507704385510000,0.03480914801606310000
1985,11,11.16461113,0.05006350346084210000,0.03894936521209380000
1985,12,11.69052147,0.00477551868948800000,0.00949029856433237000
1986,1,11.71500758,0.05988963036984110000,0.04299317447225710000
1986,2,12.3882191,0.06672269765358290000,0.07561688846152580000
1986,3,13.18902298,0.02931595545334020000,0.04220206157207640000
1986,4,13.55250417,0.00215924086163377000,-0.02497128402873980000
1986,5,13.5600462,0.02569053157577340000,-0.00525700431344223000
1986,6,13.88868863,-0.01802441568147840000,0.04171137044329050000
1986,7,13.61999553,0.02095880915668120000,0.01343962444202070000
1986,8,13.88766755,-0.02897344654740320000,-0.01808979715501110000
1986,9,13.46731431,-0.00179870640442326000,0.00669528059432567000
1986,10,13.42591886,0.03439754095227990000,0.01797266471349570000
1986,11,13.8729856,0.01617461521846280000,0.01506398620420480000
1986,12,14.08513981,0.06002532045160300000,0.00171250074546991000
1987,1,14.9222081,0.06080921826759990000,-0.00966051015603697000
1987,2,15.82231814,0.03911449403265730000,0.00155441570026760000
1987,3,16.43334398,-0.01382537407382110000,-0.05158715136040570000
1987,4,16.19653445,-0.00179727400784158000,-0.03599725757137790000
1987,5,16.16031195,0.04131890402692840000,0.01767563001568550000
1987,6,16.82520731,0.02851532976212550000,0.00100426265149189000
1987,7,17.30600439,0.05896933426336640000,-0.01862853783073390000
1987,8,18.32690725,-0.03535179465519220000,-0.04016777740883440000
1987,9,17.67562045,-0.12081929670015900000,-0.00115804403503450000
1987,10,15.53005556,-0.12377922058643400000,0.05047350394438110000
1987,11,13.59088514,-0.01332993197278920000,-0.00112810108873862000
1987,12,13.38902851,0.03977849579383900000,0.02606282354566660000
1988,1,13.89833668,0.03062884369479430000,0.03567827221157760000
1988,2,14.29827096,0.02790503287200010000,-0.00818995367123776000
1988,3,14.66894681,-0.01390954907686800000,-0.02124595728120200000
1988,4,14.43331642,-0.02518291159058620000,-0.02020257095133640000
1988,5,14.03189135,0.05552078714396940000,0.01442178425801790000
1988,6,14.76646865,-0.00725215955716174000,-0.00591786861132571000
1988,7,14.60831572,-0.02129068935824060000,-0.00957472455404351000
1988,8,14.24494631,0.01248926654608470000,0.01920497100066610000
1988,9,14.36942878,0.03458976436453340000,0.01597175275903530000
1988,10,14.81145015,-0.02098992285368430000,-0.00398425939858260000
1988,11,14.44553068,0.02159494572124140000,-0.00396031692083509000
1988,12,14.70208675,0.03001695395433360000,0.00389692133178077000
1989,1,15.08807244,0.02877522702295710000,-0.00174463216082554000
1989,2,15.46706046,-0.00729902863298504000,-0.01030227231015730000
1989,3,15.29896911,0.02893923501012230000,0.01286514533926830000
1989,4,15.68674266,0.03529526909650320000,0.02290061566503180000
1989,5,16.18635354,0.03147360154201890000,0.04399716474862060000
1989,6,16.64190424,0.02553633515428680000,0.02217401381937910000
1989,7,17.01340765,0.04525803144532750000,-0.00104138617063243000
1989,8,17.73425144,0.00138472398538170000,-0.00186604242071098000
1989,9,17.71422068,-0.00191225795994943000,0.01424694269346590000
1989,10,17.64085385,-0.02044483998458080000,0.01387059429297670000
1989,11,17.24236927,0.02577104743007790000,0.00702213997536050000
1989,12,17.6502129,-0.03207177592781250000,-0.02852818212939070000
1990,1,17.04884361,-0.02981891861169130000,-0.01520092860160580000
1990,2,16.50809352,0.02150799442371550000,-0.00636732944998852000
1990,3,16.83374823,0.00043391462044550800,-0.00759021455625930000
1990,4,16.8139139,0.03612651682691560000,0.00696488967298170000
1990,5,17.39241359,0.02616523957281870000,0.02050633499349970000
1990,6,17.81708282,-0.00212826426151858000,0.00387205601610163000
1990,7,17.74717159,-0.08700099895986920000,-0.02047611223483110000
1990,8,16.16833476,-0.05132846629957910000,-0.01018702505582960000
1990,9,15.30128544,-0.02898602997402580000,0.01256289694428390000
1990,10,14.81814797,0.02755253791577750000,0.02712491887003000000
1990,11,15.1876076,0.04588632687367200000,0.02809441937241110000
1990,12,15.84631497,-0.01275031599048560000,0.00007338122547029260
1991,1,15.60619012,0.11441354952203400000,0.02172453681872840000
1991,2,17.35466475,0.02891885849669400000,-0.01259949642456320000
1991,3,17.81862008,0.02108005053459160000,0.01003536283346970000
1991,4,18.1553459,-0.00473117454184879000,0.00169332631711105000
1991,5,18.03543091,0.00052092492331734500,-0.01036699451710790000
1991,6,18.01522704,0.00633449357671267000,0.00609562958031495000
1991,7,18.10345235,0.02379211382383970000,0.02925291577312540000
1991,8,18.51225846,-0.00738170607592925000,0.01944413842040780000
1991,9,18.35728259,0.00035247391290815800,0.01326410481992960000
1991,10,18.34918799,-0.00275097743355046000,0.01103757844366870000
1991,11,18.28886817,0.00861369267593215000,0.02889145447347660000
1991,12,18.44165231,0.07203404022397100000,0.00872114141983071000
1992,1,19.77306821,-0.00958630559909179000,-0.01948451797740060000
1992,2,19.58298297,-0.01508999330567900000,-0.01280668662046320000
1992,3,19.28356186,0.00120555377235698000,0.00902684587014457000
1992,4,19.30122951,0.01922225419768100000,0.01109685269666930000
1992,5,19.6622798,-0.01681015856299030000,0.01170835344365370000
1992,6,19.31536597,0.01695001900360120000,0.03401985426607610000
1992,7,19.62074069,0.00655625637266755000,0.02095919698379260000
1992,8,19.7221375,0.00094693215718444400,0.01505656160009590000
1992,9,19.70876642,-0.01530760877602850000,-0.01050417348144060000
1992,10,19.37027108,0.02612106407739370000,-0.01599119270101560000
1992,11,19.83365604,0.03344109487782520000,0.01364741792982090000
1992,12,20.44860672,-0.00348248298709752000,0.01299181480174580000
1993,1,20.3234108,0.01369453973370800000,0.02697052276570270000
1993,2,20.54533679,0.01795102866047450000,0.02255147183238160000
1993,3,20.85520015,-0.01615550340331660000,0.00293667555106358000
1993,4,20.45736202,0.00585274532064473000,-0.00162448838215246000
1993,5,20.51760563,0.00725728591996266000,0.00961202648993531000
1993,6,20.60835701,0.00061003734618880800,0.01625318788874350000
1993,7,20.56459641,0.01481354028621800000,0.01187786706096560000
1993,8,20.81222755,0.01145416356909060000,0.02717838745991210000
1993,9,20.99350101,0.00825349027909605000,0.00262760139294138000
1993,10,21.10917825,-0.00060688524451213400,-0.02569133969300550000
1993,11,21.03790119,0.00887539876284493000,0.00099770360451390000
1993,12,21.16473208,0.01458305245200940000,0.00356401696728437000
1994,1,21.41197491,-0.00415512619758440000,-0.01501179528605840000
1994,2,21.26384019,-0.01757893172374260000,-0.03555211939674760000
1994,3,20.83337589,-0.03476745217777230000,-0.03092801952959970000
1994,4,20.05525009,0.00990535915303381000,-0.00973032680625130000
1994,5,20.19649242,0.00767309225393076000,0.00824904571896923000
1994,6,20.29076369,-0.00786470203345435000,-0.01084128344727860000
1994,7,20.06795182,0.02667533965916640000,0.00625142622237096000
1994,8,20.5355494,0.00547896874033760000,-0.01200392407387750000
1994,9,20.5764501,-0.00508935351004414000,-0.01378680915372570000
1994,10,20.39575928,-0.00501493771604666000,-0.00992854698142909000
1994,11,20.20947302,-0.01024381249864430000,0.01696439258311360000
1994,12,19.91148411,0.02042369854343580000,0.00455098152400257000
1995,1,20.21911942,0.03406294099989000000,0.02406453256798420000
1995,2,20.80257176,0.02219298376178250000,0.02193658461509540000
1995,3,21.1527373,0.02877039271684570000,0.01261947084317240000
1995,4,21.64273926,0.03145090456322210000,0.03502898481961210000
1995,5,22.1954267,0.02976294224233240000,0.03753684985472820000
1995,6,22.71835676,0.03548716047093730000,-0.00296242483343379000
1995,7,23.37641269,0.00251216707397806000,-0.01268363518267820000
1995,8,23.28407026,0.03515603189073070000,0.02483940066019550000
1995,9,23.94600708,0.00585294354013866000,0.01377310650773200000
1995,10,23.92676276,0.02426026304591060000,0.01392521139734800000
1995,11,24.34758688,0.03457472611783000000,0.02223557442912320000
1995,12,25.02738066,-0.00419876892630855000,0.00342239703396441000
1996,1,24.76246519,0.05563943831320790000,-0.01053484916161780000
1996,2,25.97606555,-0.00712156079667392000,-0.03405206889267240000
1996,3,25.6299304,-0.00186864096112915000,-0.01606796692119110000
1996,4,25.42420385,0.02159471001961970000,-0.01307107029352430000
1996,5,25.81404383,0.01214675139708170000,-0.00719629733668536000
1996,6,25.96667356,-0.03659386686611840000,0.00670172764615695000
1996,7,24.85841133,0.02880847041560770000,0.02045061880638820000
1996,8,25.41252912,0.01702087386245310000,-0.01126948726480860000
1996,9,25.68011551,0.03791614847716710000,0.02430329688884860000
1996,10,26.48346772,0.04854319071276620000,0.02789303974104550000
1996,11,27.58561205,0.01199133669534810000,-0.00219411196205210000
1996,12,27.72394616,0.02933630651278810000,-0.01819998966541840000
1997,1,28.33287013,0.04034796630152850000,0.01401100650103680000
1997,2,29.26563488,-0.00871571224589485000,-0.01664680284448940000
1997,3,28.80245859,-0.03525489245290480000,-0.01000337681459560000
1997,4,27.58516034,0.09286413901493140000,0.01938795797772010000
1997,5,29.92836222,0.05205733424128620000,0.02037415266655680000
1997,6,31.25656062,0.05604704932447510000,0.02407590618775140000
1997,7,32.76663769,0.00161081936111040000,-0.00256964537268356000
1997,8,32.58628349,0.00941419520542985000,0.00939047630038581000
1997,9,32.66658134,0.01394281310975120000,0.01606425091417530000
1997,10,32.90149818,-0.01090340936585350000,0.01690527479359870000
1997,11,32.33660053,0.02762379695949280000,0.01141957521866410000
1997,12,33.03078904,0.00051436750996081100,0.02350309577344790000
1998,1,32.85996842,0.06205427390790660000,0.00047744254416204300
1998,2,34.70967778,0.05118414045785280000,-0.00326836880917292000
1998,3,36.29692774,0.03215622207347920000,0.00361031699425052000
1998,4,37.27693404,-0.00404976050374817000,0.00209209681217359000
1998,5,36.95659852,-0.00005634321172498510,0.01490725687408960000
1998,6,36.80229346,0.04340143077492380000,0.00640621578181966000
1998,7,38.25964509,-0.07084394494188140000,0.01253247516019540000
1998,8,35.42340102,-0.05014272060416510000,0.04490554612477180000
1998,9,33.53235698,0.01044023316073320000,0.02383938851442750000
1998,10,33.77310288,0.10974518226518300000,-0.01982663112121020000
1998,11,37.36939188,0.04167743474952320000,0.01892490121647830000
1998,12,38.82027478,0.04792523150734750000,-0.00409046853696515000
1999,1,40.57695768,-0.00187654101123613000,-0.01911799090173350000
1999,2,40.40015923,0.02612175801882840000,-0.01658915762047510000
1999,3,41.35610363,0.03497314365904040000,0.00094984092093319800
1999,4,42.70450952,-0.00098831750027483800,-0.02310337419843640000
1999,5,42.55667671,-0.00611767149374054000,-0.02236145084960540000
1999,6,42.18067591,0.04209280710112550000,0.01016191746042330000
1999,7,43.82803599,-0.04004347011251190000,-0.00877414833187240000
1999,8,41.93071216,-0.01071245657261490000,0.00165197548004747000
1999,9,41.32345133,-0.01448455529694950000,-0.01093874030716090000
1999,10,40.5528544,0.07042416486898870000,0.01045114600338200000
1999,11,43.20829071,0.02808830577522170000,-0.01339338977295580000
1999,12,44.19793976,-0.00414653172377866000,-0.02518915281576660000
2000,1,43.77257815,-0.03052275766321850000,0.00977250046697198000
2000,2,42.18563589,0.03091108020377510000,0.01622679733268820000
2000,3,43.22074844,0.01365341095565880000,0.02476999264058110000
2000,4,43.52857429,-0.02952215444984270000,-0.02905931250576820000
2000,5,41.9660505,0.02624806822945640000,0.02523796393968620000
2000,6,42.78197157,0.00616229122325440000,0.00646993459438705000
2000,7,42.75809362,0.00939051067360630000,0.02158032309752780000
2000,8,42.86956549,-0.01592842370001900000,0.00189843399399203000
2000,9,41.89800792,-0.05377804613751820000,0.00762193334193184000
2000,10,39.36969904,-0.00829718345027841000,0.00571632506596642000
2000,11,38.78214246,-0.03264671936464590000,0.04242693739405110000
2000,12,37.274238,-0.00176685408630073000,0.00421764345560716000
2001,1,36.978868,-0.02526552840661440000,0.00494487216490991000
2001,2,35.83466265,-0.09286941783515370000,0.01840855149928470000
2001,3,32.32583724,0.00050561051567288300,-0.01921248490281390000
2001,4,32.17390117,0.06397514733205270000,-0.01932326864600880000
2001,5,34.07464322,-0.02553777020461060000,0.01126222938177460000
2001,6,33.06853441,-0.02385918188982730000,0.01032645556976290000
2001,7,32.16303869,-0.02045723958837850000,0.02547230682633340000
2001,8,31.40431876,-0.11645424705572300000,0.01851936864904390000
2001,9,27.66739259,0.03532430031156330000,0.02011341928467210000
2001,10,28.57737311,0.05230800899714680000,-0.00085091151283311900
2001,11,30.00510381,0.01868008831317660000,-0.02648986537514080000
2001,12,30.49995326,-0.00522902170838513000,0.00586063567366435000
2002,1,30.27720443,-0.03733294498412580000,0.01039626977636310000
2002,2,29.08570415,0.04358303382929640000,-0.02988085712285960000
2002,3,30.29213064,-0.04050317150040990000,0.00419588718154307000
2002,4,29.00588325,-0.02819596957042670000,0.00821634112455749000
2002,5,28.12810751,-0.05972456235928210000,0.02174356455200850000
2002,6,26.38767254,-0.10858258060416100000,0.02517977569600170000
2002,7,23.46312047,0.00802232152168747000,0.03193653081736850000
2002,8,23.58871353,-0.04916319628491310000,0.03390967951199640000
2002,9,22.3650368,-0.01529389421324300000,-0.00416404691814232000
2002,10,21.95623386,0.06626454333064210000,-0.00568820250976088000
2002,11,23.3483965,-0.00815407297067372000,0.00722994684805367000
2002,12,23.10144254,-0.00661362680065714000,-0.00268332124282356000
2003,1,22.89834858,-0.07129935483573650000,0.00792863256258536000
2003,2,21.21410212,0.00703405534525503000,0.00463746798879416000
2003,3,21.30971903,0.05514825787932300000,-0.00695385151480743000
2003,4,22.42793958,0.05484227946624200000,0.03752334471177240000
2003,5,23.59108045,0.05588953169580970000,0.02210669618804300000
2003,6,24.83222326,0.00487677533703335000,-0.05144443784280850000
2003,7,24.8673291,-0.00543720701394479000,-0.03797369311979070000
2003,8,24.64225141,0.02828140599681260000,0.01494095137472960000
2003,9,25.24368675,0.02140311562445270000,0.00302840754539435000
2003,10,25.68275607,0.01487014811850450000,0.00548634936956938000
2003,11,25.94679822,0.03177772737780300000,0.00709694584568887000
2003,12,26.63517051,0.04426629805061260000,0.00837581805972776000
2004,1,27.65854036,0.00545306198070294000,0.00373976818057509000
2004,2,27.65086204,-0.02193994865489350000,0.01744301212770580000
2004,3,26.88653038,0.00647327125319652000,-0.04170100561336030000
2004,4,26.90057751,-0.03129626592956670000,-0.03129903661896320000
2004,5,25.90281429,0.02533805803271920000,-0.00002983852877802560
2004,6,26.40128537,-0.02082555381133530000,0.02393243099353310000
2004,7,25.69588865,-0.01438202447957810000,0.02096338109034310000
2004,8,25.17446223,0.02567551565324690000,0.01361559093705860000
2004,9,25.66840678,-0.00421084341567612000,0.00061360424335110700
2004,10,25.41165567,0.04719736455600470000,-0.00439760226446950000
2004,11,26.46531081,0.03105987997749530000,0.00393580617691591000
2004,12,27.14480869,-0.01554319000360860000,0.00222755040391043000
2005,1,26.5872507,0.01099897523129470000,0.00179338472256485000
2005,2,26.74486313,-0.01027785501437820000,-0.03046644789908760000
2005,3,26.33914213,-0.03059246575934850000,0.00983359754233804000
2005,4,25.40892257,0.01441797175444020000,0.02090966575443990000
2005,5,25.65023019,0.02129811804457620000,0.01437313414387420000
2005,6,26.06839487,0.01340112637093860000,-0.01581299431076440000
2005,7,26.28787109,-0.00199504249573446000,-0.00805457029746581000
2005,8,26.10438141,-0.00929719095062675000,-0.00376438933734691000
2005,9,25.73012299,-0.02818057337677520000,-0.01927942566384320000
2005,10,24.87653872,0.04805098172601220000,0.00541398679947758000
2005,11,25.93178331,0.02561041533300190000,0.01348558151085010000
2005,12,26.44380311,0.00700468683203193000,0.00011078852454526900
2006,1,26.46870263,-0.00216700745797560000,-0.01025589384302230000
2006,2,26.24962476,0.00928617033331181000,-0.01351342375634010000
2006,3,26.32783778,-0.00050671181989869800,-0.02544501166944730000
2006,4,26.14728094,-0.01275177227907420000,-0.01007490253193910000
2006,5,25.65064071,-0.02896181811971020000,0.00227852390340066000
2006,6,24.74958224,0.00424536022020794000,0.00284761922443266000
2006,7,24.69678677,0.02092540692327720000,0.01872256638782280000
2006,8,25.05139356,0.03037933481079010000,0.02172888678409170000
2006,9,25.64415644,0.04182370579126050000,0.00861106496183517000
2006,10,26.53804028,0.02155098017539530000,0.01578785690083210000
2006,11,26.92802027,0.01997967232953110000,0.00552248456105908000
2006,12,27.28268979,0.00387586957180552000,-0.01499183183901890000
2007,1,27.20753666,0.01056548149032420000,0.00176965302349807000
2007,2,27.31518141,-0.03352758638651110000,0.00750413525302873000
2007,3,26.22760555,0.03509189904676680000,-0.01290568802206430000
2007,4,26.97626831,0.02765075210779820000,-0.00689793045897535000
2007,5,27.54849045,0.00152059265890414000,-0.02512802072940490000
2007,6,27.41826274,0.00601696375235705000,0.01231369197104490000
2007,7,27.41008817,-0.04023616941185390000,0.03221300342385370000
2007,8,26.14860719,0.02793002260641810000,0.01307008047794130000
2007,9,26.72574305,0.02773172904355730000,0.00082804934080349400
2007,10,27.32064813,-0.05367040555873450000,0.02851482375545780000
2007,11,25.72905358,0.01307608017431550000,0.00820319670165626000
2007,12,25.95551011,-0.07095913859635780000,0.02809570643901080000
2008,1,24.02231776,-0.01847862133665210000,0.00021193898711824300
2008,2,23.4952634,-0.03462276683568780000,0.01356926878208790000
2008,3,22.60681084,0.03616257711166230000,-0.01714254561297700000
2008,4,23.35604064,0.01706972429486830000,-0.02161386031432270000
2008,5,23.69643212,-0.05201059079357040000,-0.02449818236538910000
2008,6,22.4168128,-0.06568789953573440000,0.00549085260679671000
2008,7,20.90720646,0.02520059431320050000,0.01726251888958250000
2008,8,21.40161736,-0.04715452439407050000,0.02124244722304660000
2008,9,20.36273395,-0.19380268259706700000,0.00331249476449447000
2008,10,16.38735655,-0.06822039165245440000,0.04661949946087060000
2008,11,15.25965941,0.00688706024483920000,0.11222060009060100000
2008,12,15.37608075,-0.01527725892717140000,-0.01105419451117010000
2009,1,15.17465194,-0.07167781225355900000,-0.03288445805399200000
2009,2,14.1221818,-0.05920113186380030000,0.00427051931859568000
2009,3,13.32366766,0.12035940212227400000,-0.00957904665324183000
2009,4,14.98186645,0.06347140509701000000,-0.03078408139399510000
2009,5,15.99635576,0.01987657491714120000,-0.04111004735983150000
2009,6,16.38418282,0.01433404748681880000,0.01806609529420180000
2009,7,16.69462082,0.07873783849842520000,-0.00177216000988056000
2009,8,18.0940698,0.03580906206382610000,0.01832979546028260000
2009,9,18.83190226,0.02300619982591260000,0.00270881273292845000
2009,10,19.35800844,0.02018245345787300000,0.00127555046555194000
2009,11,19.81276108,0.02402404655789310000,-0.01125832166504050000
2009,12,20.3223765,0.01010491360832490000,-0.01197502149749140000
2010,1,20.5278598,-0.02923926257198080000,0.00617526369342936000
2010,2,19.92053931,0.05508487151222740000,-0.00432499215348958000
2010,3,21.00460121,0.03907791898020150000,-0.00849261927968048000
2010,4,21.8048456,-0.05954975266585070000,0.03852336103569410000
2010,5,20.48006864,-0.03448958832274470000,0.02252105620737920000
2010,6,19.74203985,-0.00179344611506405000,0.01872389048158520000
2010,7,19.66866047,0.00725341166463833000,0.02803265169852700000
2010,8,19.77029917,0.03311846264684730000,0.00602089549823082000
2010,9,20.38139523,0.04448318329804750000,0.01058394687807910000
2010,10,21.24012765,0.02448720733148920000,-0.01736340073103440000
2010,11,21.70072383,0.03536694896199320000,-0.04413629919672970000
2010,12,22.39637977,0.02973273928920790000,-0.01038399648485970000
2011,1,22.97829943,0.02646194086081200000,-0.01785875461461710000
2011,2,23.4898287,-0.02065951125526520000,0.00744640990056378000
2011,3,22.89933643,0.01568875050725720000,-0.00774003379141486000
2011,4,23.14392945,0.00189821557482017000,0.02272134102072920000
2011,5,23.05949151,-0.03557424573574270000,0.01829849061169120000
2011,6,22.10083129,0.03012274701388410000,0.00161252556191949000
2011,7,22.6109817,-0.10645289754797100000,0.06158900755767990000
2011,8,20.04985272,-0.00937698816388099000,0.02914464762582060000
2011,9,19.69811457,0.03234804504866460000,-0.01148117121121880000
2011,10,20.15582479,0.01855920371935490000,0.01522576878005830000
2011,11,20.3452468,0.01808695044872800000,0.00685755860632398000
2011,12,20.5235755,0.04325560979382530000,-0.00184194250775271000
2012,1,21.21300809,0.03707950221527350000,-0.00274920221994790000
2012,2,21.79743596,0.02110244581337970000,-0.02360371582105240000
2012,3,22.05394397,-0.00337354622872987000,0.00951864057270480000
2012,4,21.77924691,-0.02975152124143380000,0.02560130778479250000
2012,5,20.94146742,-0.01005236618121540000,0.01947469420264540000
2012,6,20.54750409,0.03091769872306570000,0.01127418527166980000
2012,7,20.99934129,0.02818096192898210000,-0.01788377536872200000
2012,8,21.41042845,0.02566008440486130000,-0.00667684078916242000
2012,9,21.7836903,-0.00175115787384095000,-0.00090743606219156900
2012,10,21.57710965,-0.02371715662413810000,0.01541151443000150000
2012,11,20.89816206,0.02454759064992110000,-0.00231591091148242000
2012,12,21.23826114,0.03962990829356450000,-0.01862130939863770000
2013,1,21.90047541,0.01503320343011680000,-0.01279156478265040000
2013,2,22.05272434,0.02456161139889960000,0.00083446771788864300
2013,3,22.41920711,0.01561456450547530000,0.02088147134575280000
2013,4,22.5956554,0.04390463650917400000,-0.01561799182503700000
2013,5,23.41184178,-0.01352535197941500000,-0.03349112075442950000
2013,6,22.92533317,0.03215749472059740000,-0.02294433086153210000
2013,7,23.49246018,0.00133955045727285000,-0.01291732111556740000
2013,8,23.35664909,0.01076794046816380000,-0.00492620169045144000
2013,9,23.44228717,0.02382184410105090000,0.02154948129967790000
2013,10,23.83473789,0.04073509122414000000,-0.00446659315251308000
2013,11,24.64207709,0.01531293113101430000,-0.01314513957134710000
2013,12,24.8618693,0.00595472931771956000,0.00213868054728938000
2014,1,24.85960909,-0.00496102123494957000,0.01167331059668510000
2014,2,24.59093088,0.02066849924908860000,-0.00501771925929873000
2014,3,24.95603915,-0.00125822462815162000,-0.00016082074992995700
2014,4,24.7863154,0.01180364735575920000,0.01184904391566600000
2014,5,24.94327411,0.03006197607249780000,-0.00321604240305795000
2014,6,25.55800762,0.01537024664124600000,0.00781481440720966000
2014,7,25.81754598,-0.00258768997808068000,0.01438156446576430000
2014,8,25.61760642,0.01703067158266110000,-0.00836820471886390000
2014,9,25.91843689,-0.02400061600093930000,0.02506039801847780000
2014,10,25.16274828,0.06280869227499150000,0.00468737218191917000
2014,11,26.60681715,0.01209043874842800000,0.01839353892414190000
2014,12,26.79408548,-0.00640618514369917000,0.03655386472922850000
2015,1,26.49229542,0.02384613436759020000,-0.01172255981512660000
2015,2,26.9955137,-0.00534798079855381000,-0.00962706661695534000
2015,3,26.72860545,0.00674992166011879000,0.00866401248835458000
2015,4,26.79137168,0.00468028246351548000,-0.02649120169437820000
2015,5,26.80611138,-0.00781825225339650000,-0.01574878885337830000
2015,6,26.49589529,-0.00085310230289570300,0.00543964930668928000
2015,7,26.38113634,-0.02284984671319770000,0.01674588917232270000
2015,8,25.69365842,-0.04357154325087400000,0.00337033670245934000
2015,9,24.49675217,0.04365307880019080000,0.01122116162194950000
2015,10,25.49144105,0.03151396808356700000,-0.01305729135014880000
2015,11,26.22585189,-0.00762691524558357000,0.00710171110234237000
2015,12,25.96542404,-0.06573402837244980000,0.01361525379180510000
2016,1,24.2061672,-0.00630987949862449000,0.02905687831361580000
2016,2,24.00260678,0.05907404937036450000,-0.01270789871779510000
2016,3,25.37229862,0.02346823813481480000,0.00407173552395368000
2016,4,25.92233754,-0.00705314543641022000,-0.00252723300822699000
2016,5,25.69470992,0.00736414945525454000,0.01372795713984120000
2016,6,25.84037293,0.03465620208000280000,0.01590317483025160000
2016,7,26.69400326,0.01107133959324960000,-0.00517297858914267000
2016,8,26.94887243,-0.00676714681995749000,-0.00749165942835706000
2016,9,26.72787335,-0.00629009020591753000,-0.01169524721430530000
2016,10,26.52514309,0.01359690047559310000,-0.03095214776507780000
2016,11,26.85095353,0.03912810579089120000,-0.02926143562579940000
2016,12,27.86509822,0.00850744806039394000,0.00152105527940671000
2017,1,28.06357374,0.02255567514392600000,-0.00023950063712008300
2017,2,28.65510653,0.01667432526373890000,-0.00406284109878774000
2017,3,29.08692174,-0.00448242314149594000,0.01500372219440080000
2017,4,28.90424596,0.01606517017011160000,0.00106103794747736000
2017,5,29.31334498,0.01685162319017300000,0.01079687262747280000
2017,6,29.74850324,0.01058690952599470000,-0.00899756715156363000
2017,7,30.00222074,-0.00050413710101926400,0.00870051603785527000
2017,8,29.9149594,0.01118922246310210000,-0.00254952174358081000
2017,9,30.16811441,0.02800620321591270000,-0.01167642270187840000
2017,10,30.92039329,0.01587923465266480000,0.00282609832585612000
2017,11,31.29891333,0.02944814545792920000,-0.00186347030048450000
2017,12,32.08613201,0.04294842061297730000,-0.01907840828668150000
2018,1,33.30734383,-0.03324016644704310000,-0.02641642550129490000
2018,2,32.03538234,-0.00160073690465989000,0.00184478673954747000
2018,3,31.80840906,-0.02052305479904430000,-0.00417824944905454000
2018,4,30.97017929,0.01540359521737740000,-0.01081510937311160000
2018,5,31.24361507,0.01951489710767280000,0.00655502370454375000
2018,6,31.6305565,0.01575250862795950000,0.00407991208068825000
2018,7,31.88636696,0.02395262355834320000,0.00185176227265149000
2018,8,32.39027688,0.01563041111420340000,-0.00816942569861212000
2018,9,32.62289112,-0.04017215156724930000,-0.01200713929327960000
2018,10,31.03796108,-0.01745614021511780000,0.00855895882871538000
2018,11,30.19558341,-0.05258473006531630000,0.03094258949771400000
2018,12,28.29185701,0.01543321789796970000,0.01085588108186640000
2019,1,28.38016446,0.05384703572901510000,0.00063852301429512300
2019,2,29.54154897,0.01377316090715120000,0.00617731027235391000
2019,3,29.57619601,0.03178018487024280000,0.00034975861270569700
2019,4,30.13351717,-0.01739872714533430000,0.01141747500399860000
2019,5,29.24203094,0.01385665134759910000,0.03226665457012090000
2019,6,29.28379628,0.03655240241886020000,0.03932914544191400000
2019,7,29.98668534,-0.03128446260347230000,0.00140907296465786000
2019,8,28.70539737,0.03005623346283800000,-0.00580449961986285000
2019,9,29.22952023,-0.00217369260850708000,-0.00177700904414735000
2019,10,28.84112288,0.04490676146767810000,-0.00711395662248060000
2019,11,29.83686766,0.02563541590794820000,-0.00210853925960275000
2019,12,30.33182232,0.02948154580942800000,0.00673748483774594000
2020,1,30.9852203,-0.00150436748974103000,0.02260756088461390000
2020,2,30.72968926,-0.18739713623832100000,0.06339951707635840000
2020,3,24.81716863,0.05020987678171870000,0.02775027396428430000
2020,4,25.92735883,0.05885400381219700000,-0.00042867463809126400
2020,5,27.328481,0.05928719501742870000,-0.01059380004625070000
2020,6,28.83831596,0.02954921220655240000,0.00609636512626976000
2020,7,29.59919493,0.05559933387887490000,-0.00549959289852897000
2020,8,31.15820897,-0.00765890400972857000,-0.00372201887986756000
2020,9,30.83942604,0.01683337699507350000,-0.01033265283415210000
2020,10,31.28369403,0.04017168223668040000,-0.00633301196785263000
2020,11,32.4732041,0.04161567544472320000,-0.00589270342231429000
2020,12,33.76559142,0.02359399841387750000,-0.01750444833849600000
2021,1,34.51243229,0.01933035497343650000,-0.02122975107793170000
2021,2,35.10390717,0.00111776915661110000,-0.03782486872519030000
2021,3,35.04254511,0.05157371780214230000,-0.00954276623132422000
2021,4,36.71981411,-0.00040994948697192800,-0.00478102630994492000
2021,5,36.55213399,0.00873396466142862000,0.00124780577502692000
2021,6,36.69625801,0.02575669396317840000,0.01496466765542140000
2021,7,37.44338318,0.01975374239087620000,0.00275177940817861000
2021,8,37.97350061,-0.00354267240350048000,-0.00996308043495431000
2021,9,37.62034669,-0.00374807868037697000,-0.02621247057492360000
2021,10,37.253025,0.04233312777669050000,-0.00175172071807750000
2021,11,38.5826275,-0.00041041944558539700,0.00650773607989685000
2021,12,38.30484987,-0.02868339812227860000,-0.03328037811971580000
2022,1,36.93675807,-0.03780481712648280000,-0.02279119539600250000
2022,2,35.28714923,-0.02197398348555450000,-0.02921741437318570000
2022,3,34.27079869,-0.00436219281885553000,-0.05724704873692210000
2022,4,33.88916476,-0.08875941759566750000,-0.02140958965074540000
2022,5,30.67315508,-0.04677334811494440000,-0.03131743536787780000
2022,6,29.0477214,0.00477478615739302000,0.02339953604707960000
2022,7,29.00461832,0.06486054384479050000,0.00277204835494826000
2022,8,30.69876337,-0.07475537101290860000,-0.05145920857542020000
2022,9,28.22988466,-0.03481546242214870000,-0.03860638388064970000
2022,10,27.08076693,0.05392737715598610000,0.01173383375223720000
2022,11,28.37894902,0.00319964638504011000,0.02886830318873360000
2022,12,28.31690128,0.00573252455181961000,0.00252214988505961000
2023,1,28.33481342,0.02575289770250230000,-0.02072081352179290000
2023,2,28.91976294,-0.02906000734246920000,0.00726548898315582000
2023,3,27.93813125,0.03473096857769020000,0.01468511803583520000
2023,4,28.76484127,0.00484967377767997000,-0.00878806663962761000
2023,5,28.76205134,0.04604761881338650000,-0.01509284618350030000
2023,6,29.94003165,0.03678658936781320000,-0.01108110863537080000
2023,7,30.89165981,-0.01427745417003190000,-0.02291561820708890000
2023,8,30.30474825,-0.01198735438749500000,-0.01583799623339500000
2023,9,29.79968186,-0.02999500494212990000,-0.02906557075704320000
2023,10,28.76905495,0.04813582195321840000,0.03003846097696150000
2023,11,30.01322482,0.05280441094978830000,0.04399024741343500000
2023,12,31.45231092,0.02354568886418650000,-0.00532933114280643000
2024,1,32.04512301,0.03558578520421230000,-0.01485766080369520000
2024,2,33.03719269,0.02619061815090880000,-0.00293685229179219000
2024,3,33.75492018,-0.01392418051409850000,-0.02659189332130770000
2024,4,33.14159303,0.02347275276792190000,0.00690721368843406000
2024,5,33.77363454,0.03516257517002220000,0.01708879535431950000
2024,6,34.81054878,0.02261587106100000000,0.00726975834510823000
2024,7,35.44355308,-0.01050429941954670000,0.03395386578334850000
2024,8,34.91963135,0.02558307353036190000,0.01402211270326850000
2024,9,35.66018364,0.03033972880901460000,-0.02893854177602130000
2024,10,36.58721053,0.02538017712864170000,-0.01695336543903820000
2024,11,37.35019566,0.01434982631143810000,0.00086953555651248000
2024,12,37.7111917,-0.01065556901274390000,-0.02180079188988040000
2025,1,37.12921985,0.00648081192266092000,0.01376639473770890000
2025,2,37.18717559,-0.05980090572437910000,0.01514501886513810000
2025,3,34.78475034,-0.05714296428781750000,0.00045080638206118600
2025,4,32.62127034,0.08114572971978460000,-0.00972561768858082000
2025,5,35.07669704,0.03527278187454240000,0.00347489926833489000
2025,6,36.11109213,0.04370218704619750000,0.00133536222144848000
2025,7,37.47424619,0.01597450672204250000,0.01125317202746090000
2025,8,37.84614504,0.02572787974881430000,0.01235637949780880000
2025,9,38.58038733,0.02273702629512720000,0.00704720957728999000
2025,10,39.20569217,0.00511946697523058000,0.00430719583116379000
2025,11,39.14956659,0.01783234068351570000,-0.00044290203248798000
2025,12,39.58164099,0.00834670442335117000,-0.00589199948127761000
2026,1,39.64081843,-0.00880534311683745000,0.00527074627451607000
2026,2,39.01399721,-0.04378428070895410000,-0.01657119851718950000
2026,3,37.03161145,0.03766029690720950000,-0.01050763008091500000